[{"_allAttributes":null,"_properties":null,"_methods":null,"file":"d:/CFCU_Travel_Notification/CFCU_Travel_Notification/force-app/main/default/lwc/finding/finding.js","metadata":{"decorators":[{"type":"api","targets":[{"name":"selectedTypeValue","type":"property","value":{"type":"unresolved"}},{"name":"selectedCategoryValue","type":"property","value":{"type":"unresolved"}},{"name":"selectedSubCategoryValue","type":"property","value":{"type":"unresolved"}},{"name":"recordId","type":"property","value":{"type":"unresolved"}}]},{"type":"wire","targets":[{"type":"method","name":"wiredFindingTypesAlter","static":{},"params":{},"adapter":{"name":"getFindingTypesAlter","reference":"@salesforce/apex/Finding.getFindingTypesAlter"}},{"type":"method","name":"wiredFindingCategories","static":{},"params":{},"adapter":{"name":"getFindingCategories","reference":"@salesforce/apex/Finding.getFindingCategories"}},{"type":"method","name":"wiredRelatedFindingCategories","static":{},"params":{"selectedFindingType":"selectedTypeValue"},"adapter":{"name":"getRelatedFindingCategories","reference":"@salesforce/apex/Finding.getRelatedFindingCategories"}},{"type":"method","name":"wiredRecord","static":{"fields":{"type":"array","value":["Case.Id"]}},"params":{"recordId":"recordId"},"adapter":{"name":"getRecord","reference":"lightning/uiRecordApi"}},{"type":"method","name":"wiredUsers","static":{},"params":{},"adapter":{"name":"getAllUsers","reference":"@salesforce/apex/Finding.getAllUsers"}},{"type":"method","name":"wiredFindingSubCategory","static":{},"params":{"selectedCategory":"selectedCategoryValue"},"adapter":{"name":"getFindingSubCategory","reference":"@salesforce/apex/Finding.getFindingSubCategory"}},{"type":"method","name":"wiredFindingDetails","static":{},"params":{"selectedDetails":"selectedSubCategoryValue"},"adapter":{"name":"getFindingDetails","reference":"@salesforce/apex/Finding.getFindingDetails"}}]},{"type":"track","targets":[{"name":"button","type":"property"},{"name":"showDetailsDropdown","type":"property"},{"name":"modalOpen","type":"property"}]}],"classMembers":[{"name":"button","type":"property","value":{"type":"boolean","value":false},"decorator":"track","loc":{"start":{"line":17,"column":4},"end":{"line":17,"column":26}}},{"name":"showDetailsDropdown","type":"property","value":{"type":"boolean","value":false},"decorator":"track","loc":{"start":{"line":18,"column":4},"end":{"line":18,"column":39}}},{"name":"selectedTypeValue","type":"property","value":{"type":"unresolved"},"decorator":"api","loc":{"start":{"line":19,"column":4},"end":{"line":19,"column":27}}},{"name":"selectedCategoryValue","type":"property","value":{"type":"unresolved"},"decorator":"api","loc":{"start":{"line":20,"column":4},"end":{"line":20,"column":31}}},{"name":"selectedSubCategoryValue","type":"property","value":{"type":"unresolved"},"decorator":"api","loc":{"start":{"line":21,"column":4},"end":{"line":21,"column":34}}},{"name":"selectedDetailsValue","type":"property","value":{"type":"string","value":""},"loc":{"start":{"line":22,"column":4},"end":{"line":22,"column":30}}},{"name":"selectedAssigneeValue","type":"property","value":{"type":"string","value":""},"loc":{"start":{"line":23,"column":4},"end":{"line":23,"column":31}}},{"name":"dropdownOptionsType","type":"property","loc":{"start":{"line":24,"column":4},"end":{"line":24,"column":29}}},{"name":"dropdownOptions","type":"property","loc":{"start":{"line":25,"column":4},"end":{"line":25,"column":25}}},{"name":"dropdownOptionsSubCategory","type":"property","loc":{"start":{"line":26,"column":4},"end":{"line":26,"column":36}}},{"name":"dropdownOptionsDetails","type":"property","loc":{"start":{"line":27,"column":4},"end":{"line":27,"column":32}}},{"name":"modalOpen","type":"property","value":{"type":"boolean","value":false},"decorator":"track","loc":{"start":{"line":29,"column":4},"end":{"line":29,"column":29}}},{"name":"handle","type":"method","loc":{"start":{"line":30,"column":4},"end":{"line":32,"column":5}}},{"name":"wiredFindingTypesAlter","type":"method","decorator":"wire","loc":{"start":{"line":34,"column":4},"end":{"line":44,"column":1}}},{"name":"wiredFindingCategories","type":"method","decorator":"wire","loc":{"start":{"line":48,"column":0},"end":{"line":58,"column":1}}},{"name":"wiredRelatedFindingCategories","type":"method","decorator":"wire","loc":{"start":{"line":60,"column":0},"end":{"line":72,"column":1}}},{"name":"openModal","type":"method","loc":{"start":{"line":74,"column":4},"end":{"line":76,"column":5}}},{"name":"closeModal","type":"method","loc":{"start":{"line":80,"column":4},"end":{"line":82,"column":5}}},{"name":"recordId","type":"property","value":{"type":"unresolved"},"decorator":"api","loc":{"start":{"line":85,"column":4},"end":{"line":85,"column":18}}},{"name":"caseId","type":"property","loc":{"start":{"line":87,"column":4},"end":{"line":87,"column":11}}},{"name":"wiredRecord","type":"method","decorator":"wire","loc":{"start":{"line":89,"column":4},"end":{"line":98,"column":5}}},{"name":"wiredUsers","type":"method","decorator":"wire","loc":{"start":{"line":103,"column":4},"end":{"line":116,"column":5}}},{"name":"handleCategoryChange","type":"method","loc":{"start":{"line":118,"column":4},"end":{"line":125,"column":5}}},{"name":"wiredFindingSubCategory","type":"method","decorator":"wire","loc":{"start":{"line":127,"column":4},"end":{"line":140,"column":5}}},{"name":"handleSubCategoryChange","type":"method","loc":{"start":{"line":142,"column":4},"end":{"line":171,"column":5}}},{"name":"wiredFindingDetails","type":"method","decorator":"wire","loc":{"start":{"line":173,"column":4},"end":{"line":185,"column":5}}},{"name":"handleTypeChange","type":"method","loc":{"start":{"line":188,"column":4},"end":{"line":195,"column":5}}},{"name":"handleDetailsChange","type":"method","loc":{"start":{"line":197,"column":4},"end":{"line":200,"column":5}}},{"name":"handleAssignee","type":"method","loc":{"start":{"line":202,"column":4},"end":{"line":206,"column":5}}},{"name":"handleSave","type":"method","loc":{"start":{"line":209,"column":4},"end":{"line":239,"column":5}}}],"declarationLoc":{"start":{"line":16,"column":0},"end":{"line":243,"column":1}},"doc":"","exports":[{"type":"ExportDefaultDeclaration"}]},"updatedAt":"2024-05-22T14:31:18.466Z"},{"_allAttributes":null,"_properties":null,"_methods":null,"file":"d:/CFCU_Travel_Notification/CFCU_Travel_Notification/force-app/main/default/lwc/travelNotice/travelNotice.js","metadata":{"decorators":[{"type":"wire","targets":[{"name":"currentPageReference","type":"property","static":{},"params":{},"adapter":{"name":"CurrentPageReference","reference":"lightning/navigation"}}]},{"type":"track","targets":[{"name":"startDate","type":"property"},{"name":"endDate","type":"property"},{"name":"selectAllClicked","type":"property"},{"name":"debitapiResponse","type":"property"},{"name":"creditapiResponse","type":"property"},{"name":"travelDestination","type":"property"},{"name":"isRemoveConfirmationOpen","type":"property"},{"name":"travelType","type":"property"},{"name":"selectedCards","type":"property"},{"name":"debitCards","type":"property"},{"name":"creditCards","type":"property"},{"name":"currentlyScheduledTravel","type":"property"},{"name":"reportLostStolenData","type":"property"},{"name":"selectedAction","type":"property"},{"name":"selectedCardAction","type":"property"},{"name":"isTravelNotice","type":"property"},{"name":"isCardActions","type":"property"},{"name":"isReportLostOrStolen","type":"property"},{"name":"showActionSelection","type":"property"},{"name":"showSelectedRowDetails","type":"property"},{"name":"selectedRowDetails","type":"property"},{"name":"showReportFormReportOrLoss","type":"property"},{"name":"showReportFormFreezeOrUnfreeze","type":"property"},{"name":"showReportFormPinChange","type":"property"},{"name":"selectedCardDetails","type":"property"},{"name":"debitCardslostorstolen","type":"property"},{"name":"creditCardslostorstolen","type":"property"},{"name":"isSubmitDisabled","type":"property"}]}],"classMembers":[{"name":"startDate","type":"property","value":{"type":"null","value":null},"decorator":"track","loc":{"start":{"line":17,"column":2},"end":{"line":17,"column":26}}},{"name":"endDate","type":"property","decorator":"track","loc":{"start":{"line":18,"column":2},"end":{"line":18,"column":17}}},{"name":"selectAllClicked","type":"property","value":{"type":"boolean","value":false},"decorator":"track","loc":{"start":{"line":19,"column":2},"end":{"line":19,"column":34}}},{"name":"debitapiResponse","type":"property","decorator":"track","loc":{"start":{"line":20,"column":2},"end":{"line":20,"column":26}}},{"name":"creditapiResponse","type":"property","decorator":"track","loc":{"start":{"line":21,"column":2},"end":{"line":21,"column":27}}},{"name":"travelDestination","type":"property","decorator":"track","loc":{"start":{"line":22,"column":2},"end":{"line":22,"column":27}}},{"name":"isRemoveConfirmationOpen","type":"property","value":{"type":"boolean","value":false},"decorator":"track","loc":{"start":{"line":23,"column":2},"end":{"line":23,"column":42}}},{"name":"travelType","type":"property","decorator":"track","loc":{"start":{"line":24,"column":2},"end":{"line":24,"column":45}}},{"name":"selectedCards","type":"property","decorator":"track","loc":{"start":{"line":25,"column":2},"end":{"line":25,"column":28}}},{"name":"debitCards","type":"property","decorator":"track","loc":{"start":{"line":26,"column":2},"end":{"line":26,"column":25}}},{"name":"creditCards","type":"property","decorator":"track","loc":{"start":{"line":27,"column":2},"end":{"line":27,"column":26}}},{"name":"currentlyScheduledTravel","type":"property","decorator":"track","loc":{"start":{"line":28,"column":2},"end":{"line":28,"column":39}}},{"name":"reportLostStolenData","type":"property","decorator":"track","loc":{"start":{"line":29,"column":2},"end":{"line":29,"column":35}}},{"name":"idCounter","type":"property","loc":{"start":{"line":30,"column":2},"end":{"line":30,"column":17}}},{"name":"selectedAction","type":"property","decorator":"track","loc":{"start":{"line":31,"column":2},"end":{"line":31,"column":29}}},{"name":"selectedCardAction","type":"property","decorator":"track","loc":{"start":{"line":32,"column":2},"end":{"line":32,"column":33}}},{"name":"isTravelNotice","type":"property","value":{"type":"boolean","value":false},"decorator":"track","loc":{"start":{"line":33,"column":2},"end":{"line":33,"column":32}}},{"name":"isCardActions","type":"property","value":{"type":"boolean","value":false},"decorator":"track","loc":{"start":{"line":34,"column":2},"end":{"line":34,"column":31}}},{"name":"isReportLostOrStolen","type":"property","value":{"type":"boolean","value":false},"decorator":"track","loc":{"start":{"line":35,"column":2},"end":{"line":35,"column":38}}},{"name":"showActionSelection","type":"property","value":{"type":"boolean","value":true},"decorator":"track","loc":{"start":{"line":36,"column":2},"end":{"line":36,"column":36}}},{"name":"showSelectedRowDetails","type":"property","value":{"type":"boolean","value":false},"decorator":"track","loc":{"start":{"line":37,"column":2},"end":{"line":37,"column":40}}},{"name":"selectedRowDetails","type":"property","value":{"type":"object","value":{}},"decorator":"track","loc":{"start":{"line":38,"column":2},"end":{"line":38,"column":33}}},{"name":"showReportFormReportOrLoss","type":"property","value":{"type":"boolean","value":false},"decorator":"track","loc":{"start":{"line":39,"column":2},"end":{"line":39,"column":44}}},{"name":"showReportFormFreezeOrUnfreeze","type":"property","value":{"type":"boolean","value":false},"decorator":"track","loc":{"start":{"line":40,"column":2},"end":{"line":40,"column":48}}},{"name":"showReportFormPinChange","type":"property","value":{"type":"boolean","value":false},"decorator":"track","loc":{"start":{"line":41,"column":2},"end":{"line":41,"column":41}}},{"name":"selectedCardDetails","type":"property","value":{"type":"object","value":{}},"decorator":"track","loc":{"start":{"line":42,"column":2},"end":{"line":42,"column":34}}},{"name":"debitCardslostorstolen","type":"property","decorator":"track","loc":{"start":{"line":43,"column":2},"end":{"line":43,"column":37}}},{"name":"creditCardslostorstolen","type":"property","decorator":"track","loc":{"start":{"line":44,"column":2},"end":{"line":44,"column":38}}},{"name":"isSubmitDisabled","type":"property","value":{"type":"boolean","value":true},"decorator":"track","loc":{"start":{"line":45,"column":2},"end":{"line":45,"column":33}}},{"name":"cardTitle","type":"property","loc":{"start":{"line":47,"column":2},"end":{"line":62,"column":3}}},{"name":"actionOptions","type":"property","loc":{"start":{"line":64,"column":2},"end":{"line":77,"column":4}}},{"name":"cardActionOptions","type":"property","loc":{"start":{"line":79,"column":2},"end":{"line":87,"column":4}}},{"name":"ReportorStolenOptions","type":"property","loc":{"start":{"line":89,"column":2},"end":{"line":111,"column":3}}},{"name":"isFreezeDisabled","type":"property","loc":{"start":{"line":114,"column":6},"end":{"line":116,"column":5}}},{"name":"isUnfreezeDisabled","type":"property","loc":{"start":{"line":119,"column":4},"end":{"line":121,"column":5}}},{"name":"reportColumns","type":"property","loc":{"start":{"line":123,"column":2},"end":{"line":144,"column":4}}},{"name":"handleRowSelection","type":"method","loc":{"start":{"line":146,"column":2},"end":{"line":149,"column":3}}},{"name":"handleRowSelectioncardActions","type":"method","loc":{"start":{"line":151,"column":2},"end":{"line":160,"column":3}}},{"name":"travelTypeOptions","type":"property","loc":{"start":{"line":162,"column":2},"end":{"line":170,"column":4}}},{"name":"columns","type":"property","loc":{"start":{"line":172,"column":2},"end":{"line":188,"column":4}}},{"name":"currentPageReference","type":"property","decorator":"wire","loc":{"start":{"line":191,"column":2},"end":{"line":191,"column":51}}},{"name":"recordId","type":"property","loc":{"start":{"line":193,"column":2},"end":{"line":195,"column":3}}},{"name":"connectedCallback","type":"method","loc":{"start":{"line":197,"column":2},"end":{"line":200,"column":3}}},{"name":"handleDateChange","type":"method","loc":{"start":{"line":201,"column":2},"end":{"line":213,"column":1}}},{"name":"handleActionChange","type":"method","loc":{"start":{"line":215,"column":2},"end":{"line":226,"column":3}}},{"name":"handleCardActionChange","type":"method","loc":{"start":{"line":228,"column":2},"end":{"line":230,"column":3}}},{"name":"handleCardActionChangeCardActions","type":"method","loc":{"start":{"line":232,"column":2},"end":{"line":284,"column":3}}},{"name":"loadReportLostStolenData","type":"method","loc":{"start":{"line":286,"column":2},"end":{"line":323,"column":3}}},{"name":"generateUniqueId","type":"method","loc":{"start":{"line":325,"column":2},"end":{"line":327,"column":3}}},{"name":"reportLostStolenData","type":"property","loc":{"start":{"line":329,"column":2},"end":{"line":338,"column":3}}},{"name":"handleSubmitReportorStolen","type":"method","loc":{"start":{"line":340,"column":2},"end":{"line":387,"column":1}}},{"name":"handleSubmitFreezeorUnfreeze","type":"method","loc":{"start":{"line":390,"column":2},"end":{"line":444,"column":1}}},{"name":"loadDebitCards","type":"method","loc":{"start":{"line":447,"column":2},"end":{"line":507,"column":3}}},{"name":"handleSelectAll","type":"method","loc":{"start":{"line":509,"column":2},"end":{"line":517,"column":3}}},{"name":"loadCreditCards","type":"method","loc":{"start":{"line":519,"column":2},"end":{"line":578,"column":3}}},{"name":"handleCreateCase","type":"method","loc":{"start":{"line":580,"column":2},"end":{"line":614,"column":3}}},{"name":"formatDate","type":"method","loc":{"start":{"line":617,"column":2},"end":{"line":622,"column":3}}},{"name":"handleStartDateChange","type":"method","loc":{"start":{"line":624,"column":2},"end":{"line":638,"column":3}}},{"name":"handleEndDateChange","type":"method","loc":{"start":{"line":640,"column":2},"end":{"line":666,"column":3}}},{"name":"handleTravelDestinationChange","type":"method","loc":{"start":{"line":668,"column":2},"end":{"line":670,"column":3}}},{"name":"handleTravelTypeChange","type":"method","loc":{"start":{"line":672,"column":2},"end":{"line":674,"column":3}}},{"name":"handleCardSelection","type":"method","loc":{"start":{"line":676,"column":2},"end":{"line":683,"column":3}}},{"name":"handleSubmit","type":"method","loc":{"start":{"line":685,"column":2},"end":{"line":828,"column":3}}},{"name":"handleCancel","type":"method","loc":{"start":{"line":830,"column":2},"end":{"line":847,"column":3}}},{"name":"handleFormCancel","type":"method","loc":{"start":{"line":849,"column":2},"end":{"line":857,"column":3}}},{"name":"handleFormSubmit","type":"method","loc":{"start":{"line":859,"column":2},"end":{"line":873,"column":3}}},{"name":"handleBack","type":"method","loc":{"start":{"line":875,"column":2},"end":{"line":885,"column":3}}},{"name":"handleRowAction","type":"method","loc":{"start":{"line":888,"column":2},"end":{"line":899,"column":3}}},{"name":"showNotification","type":"method","loc":{"start":{"line":901,"column":2},"end":{"line":908,"column":3}}}],"declarationLoc":{"start":{"line":16,"column":0},"end":{"line":909,"column":1}},"doc":"","exports":[{"type":"ExportDefaultDeclaration"}]},"updatedAt":"2024-07-24T08:53:11.782Z"},{"_allAttributes":null,"_properties":null,"_methods":null,"file":"d:/CFCU_Travel_Notification/CFCU_Travel_Notification/force-app/main/default/lwc/helloworld/helloworld.js","metadata":{"decorators":[],"classMembers":[{"name":"greeting","type":"property","value":{"type":"string","value":"Manoj"},"loc":{"start":{"line":3,"column":2},"end":{"line":3,"column":21}}},{"name":"changeHandler","type":"method","loc":{"start":{"line":4,"column":2},"end":{"line":6,"column":3}}}],"declarationLoc":{"start":{"line":2,"column":0},"end":{"line":7,"column":1}},"doc":"","exports":[{"type":"ExportDefaultDeclaration"}]},"updatedAt":"2024-06-11T11:42:08.017Z"}]