{
  "status": 0,
  "result": [
    {
      "createdById": "0055h000009l1YNAAY",
      "createdByName": "Manoj Kumar",
      "createdDate": "2023-09-23T10:04:12.000Z",
      "fileName": "classes/UpdateContactMailingAddress.cls",
      "fullName": "UpdateContactMailingAddress",
      "id": "01p5h00000T3ohiAAB",
      "lastModifiedById": "0055h000009l1YNAAY",
      "lastModifiedByName": "Manoj Kumar",
      "lastModifiedDate": "2023-09-25T05:02:42.000Z",
      "manageableState": "unmanaged",
      "type": "ApexClass"
    },
    {
      "createdById": "0055h000009l1YNAAY",
      "createdByName": "Manoj Kumar",
      "createdDate": "2023-10-18T12:14:39.000Z",
      "fileName": "classes/ChangePasswordControllerTest.cls",
      "fullName": "ChangePasswordControllerTest",
      "id": "01p5h00000UCgfTAAT",
      "lastModifiedById": "0055h000009l1YNAAY",
      "lastModifiedByName": "Manoj Kumar",
      "lastModifiedDate": "2023-10-18T12:14:39.000Z",
      "manageableState": "unmanaged",
      "type": "ApexClass"
    },
    {
      "createdById": "0055h000009l1YNAAY",
      "createdByName": "Manoj Kumar",
      "createdDate": "2023-12-21T13:27:29.000Z",
      "fileName": "classes/CaseInsertfromInterface.cls",
      "fullName": "CaseInsertfromInterface",
      "id": "01p5h00000XTEV8AAP",
      "lastModifiedById": "0055h000009l1YNAAY",
      "lastModifiedByName": "Manoj Kumar",
      "lastModifiedDate": "2023-12-21T13:41:27.000Z",
      "manageableState": "unmanaged",
      "type": "ApexClass"
    },
    {
      "createdById": "0055h000009l1YNAAY",
      "createdByName": "Manoj Kumar",
      "createdDate": "2023-10-04T07:06:41.000Z",
      "fileName": "classes/MyContactListController.cls",
      "fullName": "MyContactListController",
      "id": "01p5h00000TGfyzAAD",
      "lastModifiedById": "0055h000009l1YNAAY",
      "lastModifiedByName": "Manoj Kumar",
      "lastModifiedDate": "2023-10-05T07:21:45.000Z",
      "manageableState": "unmanaged",
      "type": "ApexClass"
    },
    {
      "createdById": "0055h000009l1YNAAY",
      "createdByName": "Manoj Kumar",
      "createdDate": "2023-10-18T12:14:39.000Z",
      "fileName": "classes/ChangePasswordController.cls",
      "fullName": "ChangePasswordController",
      "id": "01p5h00000UCgfSAAT",
      "lastModifiedById": "0055h000009l1YNAAY",
      "lastModifiedByName": "Manoj Kumar",
      "lastModifiedDate": "2023-10-18T12:14:39.000Z",
      "manageableState": "unmanaged",
      "type": "ApexClass"
    },
    {
      "createdById": "0055h000009l1YNAAY",
      "createdByName": "Manoj Kumar",
      "createdDate": "2023-09-19T10:31:33.000Z",
      "fileName": "classes/MassManager__ActionHubPostInstallTests.cls",
      "fullName": "MassManager__ActionHubPostInstallTests",
      "id": "01p5h00000SjSZJAA3",
      "lastModifiedById": "0055h000009l1YNAAY",
      "lastModifiedByName": "Manoj Kumar",
      "lastModifiedDate": "2023-09-19T10:31:33.000Z",
      "manageableState": "installed",
      "namespacePrefix": "MassManager",
      "type": "ApexClass"
    },
    {
      "createdById": "0055h000009l1YNAAY",
      "createdByName": "Manoj Kumar",
      "createdDate": "2023-10-04T06:57:03.000Z",
      "fileName": "classes/MyContactList.cls",
      "fullName": "MyContactList",
      "id": "01p5h00000TGfUBAA1",
      "lastModifiedById": "0055h000009l1YNAAY",
      "lastModifiedByName": "Manoj Kumar",
      "lastModifiedDate": "2023-10-05T07:18:52.000Z",
      "manageableState": "unmanaged",
      "type": "ApexClass"
    },
    {
      "createdById": "0055h000009l1YNAAY",
      "createdByName": "Manoj Kumar",
      "createdDate": "2023-10-19T05:26:09.000Z",
      "fileName": "classes/UpdateCaseFieldsTest.cls",
      "fullName": "UpdateCaseFieldsTest",
      "id": "01p5h00000TZ9FaAAL",
      "lastModifiedById": "0055h000009l1YNAAY",
      "lastModifiedByName": "Manoj Kumar",
      "lastModifiedDate": "2023-11-15T09:05:13.000Z",
      "manageableState": "unmanaged",
      "type": "ApexClass"
    },
    {
      "createdById": "0055h000009l1YNAAY",
      "createdByName": "Manoj Kumar",
      "createdDate": "2024-03-06T11:57:47.000Z",
      "fileName": "classes/MetaDataUtility.cls",
      "fullName": "MetaDataUtility",
      "id": "01p5h00000Zu3Z4AAJ",
      "lastModifiedById": "0055h000009l1YNAAY",
      "lastModifiedByName": "Manoj Kumar",
      "lastModifiedDate": "2024-03-06T12:13:58.000Z",
      "manageableState": "unmanaged",
      "type": "ApexClass"
    },
    {
      "createdById": "0055h000009l1YNAAY",
      "createdByName": "Manoj Kumar",
      "createdDate": "2023-09-19T10:31:33.000Z",
      "fileName": "classes/MassManager__RecordWrapper.cls",
      "fullName": "MassManager__RecordWrapper",
      "id": "01p5h00000SjSZTAA3",
      "lastModifiedById": "0055h000009l1YNAAY",
      "lastModifiedByName": "Manoj Kumar",
      "lastModifiedDate": "2023-09-19T10:31:33.000Z",
      "manageableState": "installed",
      "namespacePrefix": "MassManager",
      "type": "ApexClass"
    },
    {
      "createdById": "0055h000009l1YNAAY",
      "createdByName": "Manoj Kumar",
      "createdDate": "2024-02-22T06:35:34.000Z",
      "fileName": "classes/ApexFlow.cls",
      "fullName": "ApexFlow",
      "id": "01p5h00000ZtotMAAR",
      "lastModifiedById": "0055h000009l1YNAAY",
      "lastModifiedByName": "Manoj Kumar",
      "lastModifiedDate": "2024-02-22T12:08:37.000Z",
      "manageableState": "unmanaged",
      "type": "ApexClass"
    },
    {
      "createdById": "0055h000009l1YNAAY",
      "createdByName": "Manoj Kumar",
      "createdDate": "2024-07-02T12:25:15.000Z",
      "fileName": "classes/CheckTLSVersion.cls",
      "fullName": "CheckTLSVersion",
      "id": "01pJ2000000sh8TIAQ",
      "lastModifiedById": "0055h000009l1YNAAY",
      "lastModifiedByName": "Manoj Kumar",
      "lastModifiedDate": "2024-07-02T13:30:55.000Z",
      "manageableState": "unmanaged",
      "type": "ApexClass"
    },
    {
      "createdById": "0055h000009l1YNAAY",
      "createdByName": "Manoj Kumar",
      "createdDate": "2023-12-19T07:22:51.000Z",
      "fileName": "classes/CaseInsertion.cls",
      "fullName": "CaseInsertion",
      "id": "01p5h00000XQuBzAAL",
      "lastModifiedById": "0055h000009l1YNAAY",
      "lastModifiedByName": "Manoj Kumar",
      "lastModifiedDate": "2023-12-19T09:29:26.000Z",
      "manageableState": "unmanaged",
      "type": "ApexClass"
    },
    {
      "createdById": "0055h000009l1YNAAY",
      "createdByName": "Manoj Kumar",
      "createdDate": "2024-07-03T12:41:11.000Z",
      "fileName": "classes/CaseCreationAndFlowInvoker.cls",
      "fullName": "CaseCreationAndFlowInvoker",
      "id": "01pJ2000000siggIAA",
      "lastModifiedById": "0055h000009l1YNAAY",
      "lastModifiedByName": "Manoj Kumar",
      "lastModifiedDate": "2024-07-03T12:43:48.000Z",
      "manageableState": "unmanaged",
      "type": "ApexClass"
    },
    {
      "createdById": "0055h000009l1YNAAY",
      "createdByName": "Manoj Kumar",
      "createdDate": "2024-05-29T07:42:05.000Z",
      "fileName": "classes/TravelNoticeControllerTest.cls",
      "fullName": "TravelNoticeControllerTest",
      "id": "01pJ2000000sbeqIAA",
      "lastModifiedById": "0055h000009l1YNAAY",
      "lastModifiedByName": "Manoj Kumar",
      "lastModifiedDate": "2024-07-24T10:14:52.000Z",
      "manageableState": "unmanaged",
      "type": "ApexClass"
    },
    {
      "createdById": "0055h000009l1YNAAY",
      "createdByName": "Manoj Kumar",
      "createdDate": "2023-11-01T08:21:47.000Z",
      "fileName": "classes/FindingTypeControllerTest.cls",
      "fullName": "FindingTypeControllerTest",
      "id": "01p5h00000UwOocAAF",
      "lastModifiedById": "0055h000009l1YNAAY",
      "lastModifiedByName": "Manoj Kumar",
      "lastModifiedDate": "2023-11-06T08:41:58.000Z",
      "manageableState": "unmanaged",
      "type": "ApexClass"
    },
    {
      "createdById": "0055h000009l1YNAAY",
      "createdByName": "Manoj Kumar",
      "createdDate": "2024-02-08T10:01:28.000Z",
      "fileName": "classes/ServiceNowIncidentCreator.cls",
      "fullName": "ServiceNowIncidentCreator",
      "id": "01p5h00000Zth7dAAB",
      "lastModifiedById": "0055h000009l1YNAAY",
      "lastModifiedByName": "Manoj Kumar",
      "lastModifiedDate": "2024-03-11T09:55:25.000Z",
      "manageableState": "unmanaged",
      "type": "ApexClass"
    },
    {
      "createdById": "0055h000009l1YNAAY",
      "createdByName": "Manoj Kumar",
      "createdDate": "2024-04-09T12:44:35.000Z",
      "fileName": "classes/CheckingAPI.cls",
      "fullName": "CheckingAPI",
      "id": "01p5h00000ZufccAAB",
      "lastModifiedById": "0055h000009l1YNAAY",
      "lastModifiedByName": "Manoj Kumar",
      "lastModifiedDate": "2024-04-12T09:05:19.000Z",
      "manageableState": "unmanaged",
      "type": "ApexClass"
    },
    {
      "createdById": "0055h000009l1YNAAY",
      "createdByName": "Manoj Kumar",
      "createdDate": "2024-03-28T11:53:42.000Z",
      "fileName": "classes/CardActivationQueueable.cls",
      "fullName": "CardActivationQueueable",
      "id": "01p5h00000ZuUrZAAV",
      "lastModifiedById": "0055h000009l1YNAAY",
      "lastModifiedByName": "Manoj Kumar",
      "lastModifiedDate": "2024-03-28T11:53:50.000Z",
      "manageableState": "unmanaged",
      "type": "ApexClass"
    },
    {
      "createdById": "0055h000009l1YNAAY",
      "createdByName": "Manoj Kumar",
      "createdDate": "2023-09-19T10:31:33.000Z",
      "fileName": "classes/MassManager__Constants.cls",
      "fullName": "MassManager__Constants",
      "id": "01p5h00000SjSZMAA3",
      "lastModifiedById": "0055h000009l1YNAAY",
      "lastModifiedByName": "Manoj Kumar",
      "lastModifiedDate": "2023-09-19T10:31:33.000Z",
      "manageableState": "installed",
      "namespacePrefix": "MassManager",
      "type": "ApexClass"
    },
    {
      "createdById": "0055h000009l1YNAAY",
      "createdByName": "Manoj Kumar",
      "createdDate": "2023-10-19T04:51:36.000Z",
      "fileName": "classes/UpdatePurposeAndContactOnCaseTest.cls",
      "fullName": "UpdatePurposeAndContactOnCaseTest",
      "id": "01p5h00000TZ2bnAAD",
      "lastModifiedById": "0055h000009l1YNAAY",
      "lastModifiedByName": "Manoj Kumar",
      "lastModifiedDate": "2023-10-19T05:08:24.000Z",
      "manageableState": "unmanaged",
      "type": "ApexClass"
    },
    {
      "createdById": "0055h000009l1YNAAY",
      "createdByName": "Manoj Kumar",
      "createdDate": "2023-09-25T05:12:27.000Z",
      "fileName": "classes/ContactClone.cls",
      "fullName": "ContactClone",
      "id": "01p5h00000T4dYSAAZ",
      "lastModifiedById": "0055h000009l1YNAAY",
      "lastModifiedByName": "Manoj Kumar",
      "lastModifiedDate": "2023-09-25T05:22:23.000Z",
      "manageableState": "unmanaged",
      "type": "ApexClass"
    },
    {
      "createdById": "0055h000009l1YNAAY",
      "createdByName": "Manoj Kumar",
      "createdDate": "2023-11-10T06:57:16.000Z",
      "fileName": "classes/CSVDataLoaderControllerTest.cls",
      "fullName": "CSVDataLoaderControllerTest",
      "id": "01p5h00000VOuu3AAD",
      "lastModifiedById": "0055h000009l1YNAAY",
      "lastModifiedByName": "Manoj Kumar",
      "lastModifiedDate": "2023-11-10T06:57:16.000Z",
      "manageableState": "unmanaged",
      "type": "ApexClass"
    },
    {
      "createdById": "0055h000009l1YNAAY",
      "createdByName": "Manoj Kumar",
      "createdDate": "2024-04-05T08:00:29.000Z",
      "fileName": "classes/DebitCardActionExtension.cls",
      "fullName": "DebitCardActionExtension",
      "id": "01p5h00000ZjzXbAAJ",
      "lastModifiedById": "0055h000009l1YNAAY",
      "lastModifiedByName": "Manoj Kumar",
      "lastModifiedDate": "2024-04-05T08:10:41.000Z",
      "manageableState": "unmanaged",
      "type": "ApexClass"
    },
    {
      "createdById": "0055h000009l1YNAAY",
      "createdByName": "Manoj Kumar",
      "createdDate": "2024-01-05T12:09:24.000Z",
      "fileName": "classes/CaseRedirectController.cls",
      "fullName": "CaseRedirectController",
      "id": "01p5h00000YFErWAAX",
      "lastModifiedById": "0055h000009l1YNAAY",
      "lastModifiedByName": "Manoj Kumar",
      "lastModifiedDate": "2024-01-08T08:07:21.000Z",
      "manageableState": "unmanaged",
      "type": "ApexClass"
    },
    {
      "createdById": "0055h000009l1YNAAY",
      "createdByName": "Manoj Kumar",
      "createdDate": "2023-09-19T10:31:33.000Z",
      "fileName": "classes/MassManager__ActionHubPostUnInstall.cls",
      "fullName": "MassManager__ActionHubPostUnInstall",
      "id": "01p5h00000SjSZKAA3",
      "lastModifiedById": "0055h000009l1YNAAY",
      "lastModifiedByName": "Manoj Kumar",
      "lastModifiedDate": "2023-09-19T10:31:33.000Z",
      "manageableState": "installed",
      "namespacePrefix": "MassManager",
      "type": "ApexClass"
    },
    {
      "createdById": "0055h000009l1YNAAY",
      "createdByName": "Manoj Kumar",
      "createdDate": "2023-10-05T12:23:18.000Z",
      "fileName": "classes/ExternalDataAPIGetTest.cls",
      "fullName": "ExternalDataAPIGetTest",
      "id": "01p5h00000TI9crAAD",
      "lastModifiedById": "0055h000009l1YNAAY",
      "lastModifiedByName": "Manoj Kumar",
      "lastModifiedDate": "2023-10-05T12:36:53.000Z",
      "manageableState": "unmanaged",
      "type": "ApexClass"
    },
    {
      "createdById": "0055h000009l1YNAAY",
      "createdByName": "Manoj Kumar",
      "createdDate": "2023-09-25T11:56:58.000Z",
      "fileName": "classes/NewContactClone.cls",
      "fullName": "NewContactClone",
      "id": "01p5h00000T55r4AAB",
      "lastModifiedById": "0055h000009l1YNAAY",
      "lastModifiedByName": "Manoj Kumar",
      "lastModifiedDate": "2023-09-25T13:33:39.000Z",
      "manageableState": "unmanaged",
      "type": "ApexClass"
    },
    {
      "createdById": "0055h000009l1YNAAY",
      "createdByName": "Manoj Kumar",
      "createdDate": "2023-09-28T05:03:56.000Z",
      "fileName": "classes/TestCsharp.cls",
      "fullName": "TestCsharp",
      "id": "01p5h00000TBOhEAAX",
      "lastModifiedById": "0055h000009l1YNAAY",
      "lastModifiedByName": "Manoj Kumar",
      "lastModifiedDate": "2023-09-28T05:14:49.000Z",
      "manageableState": "unmanaged",
      "type": "ApexClass"
    },
    {
      "createdById": "0055h000009l1YNAAY",
      "createdByName": "Manoj Kumar",
      "createdDate": "2023-12-19T06:52:59.000Z",
      "fileName": "classes/DataFetcherFactory.cls",
      "fullName": "DataFetcherFactory",
      "id": "01p5h00000XQqwuAAD",
      "lastModifiedById": "0055h000009l1YNAAY",
      "lastModifiedByName": "Manoj Kumar",
      "lastModifiedDate": "2023-12-19T06:52:59.000Z",
      "manageableState": "unmanaged",
      "type": "ApexClass"
    },
    {
      "createdById": "0055h000009l1YNAAY",
      "createdByName": "Manoj Kumar",
      "createdDate": "2023-09-23T05:33:27.000Z",
      "fileName": "classes/DailyOppProcessorTest.cls",
      "fullName": "DailyOppProcessorTest",
      "id": "01p5h00000T3lTBAAZ",
      "lastModifiedById": "0055h000009l1YNAAY",
      "lastModifiedByName": "Manoj Kumar",
      "lastModifiedDate": "2023-09-23T06:59:40.000Z",
      "manageableState": "unmanaged",
      "type": "ApexClass"
    },
    {
      "createdById": "0055h000009l1YNAAY",
      "createdByName": "Manoj Kumar",
      "createdDate": "2023-10-11T07:40:27.000Z",
      "fileName": "classes/MyCustomPickList.cls",
      "fullName": "MyCustomPickList",
      "id": "01p5h00000Tf8yuAAB",
      "lastModifiedById": "0055h000009l1YNAAY",
      "lastModifiedByName": "Manoj Kumar",
      "lastModifiedDate": "2023-10-11T07:40:48.000Z",
      "manageableState": "unmanaged",
      "type": "ApexClass"
    },
    {
      "createdById": "0055h000009l1YNAAY",
      "createdByName": "Manoj Kumar",
      "createdDate": "2023-10-11T07:33:29.000Z",
      "fileName": "classes/QeryUtilcls.cls",
      "fullName": "QeryUtilcls",
      "id": "01p5h00000Tf7sYAAR",
      "lastModifiedById": "0055h000009l1YNAAY",
      "lastModifiedByName": "Manoj Kumar",
      "lastModifiedDate": "2023-10-11T07:34:02.000Z",
      "manageableState": "unmanaged",
      "type": "ApexClass"
    },
    {
      "createdById": "0055h000009l1YNAAY",
      "createdByName": "Manoj Kumar",
      "createdDate": "2023-09-25T16:58:23.000Z",
      "fileName": "classes/ExternalAPIDataSync.cls",
      "fullName": "ExternalAPIDataSync",
      "id": "01p5h00000T5GqwAAF",
      "lastModifiedById": "0055h000009l1YNAAY",
      "lastModifiedByName": "Manoj Kumar",
      "lastModifiedDate": "2023-09-26T09:21:38.000Z",
      "manageableState": "unmanaged",
      "type": "ApexClass"
    },
    {
      "createdById": "0055h000009l1YNAAY",
      "createdByName": "Manoj Kumar",
      "createdDate": "2023-10-18T12:14:39.000Z",
      "fileName": "classes/ForgotPasswordController.cls",
      "fullName": "ForgotPasswordController",
      "id": "01p5h00000UCgfUAAT",
      "lastModifiedById": "0055h000009l1YNAAY",
      "lastModifiedByName": "Manoj Kumar",
      "lastModifiedDate": "2023-10-18T12:14:39.000Z",
      "manageableState": "unmanaged",
      "type": "ApexClass"
    },
    {
      "createdById": "0055h000009l1YNAAY",
      "createdByName": "Manoj Kumar",
      "createdDate": "2023-09-19T10:31:33.000Z",
      "fileName": "classes/MassManager__MassUpdateController.cls",
      "fullName": "MassManager__MassUpdateController",
      "id": "01p5h00000SjSZSAA3",
      "lastModifiedById": "0055h000009l1YNAAY",
      "lastModifiedByName": "Manoj Kumar",
      "lastModifiedDate": "2023-09-19T10:31:33.000Z",
      "manageableState": "installed",
      "namespacePrefix": "MassManager",
      "type": "ApexClass"
    },
    {
      "createdById": "0055h000009l1YNAAY",
      "createdByName": "Manoj Kumar",
      "createdDate": "2024-02-13T10:25:18.000Z",
      "fileName": "classes/SendIncidentStatusEmail.cls",
      "fullName": "SendIncidentStatusEmail",
      "id": "01p5h00000ZtihQAAR",
      "lastModifiedById": "0055h000009l1YNAAY",
      "lastModifiedByName": "Manoj Kumar",
      "lastModifiedDate": "2024-02-13T10:41:12.000Z",
      "manageableState": "unmanaged",
      "type": "ApexClass"
    },
    {
      "createdById": "0055h000009l1YNAAY",
      "createdByName": "Manoj Kumar",
      "createdDate": "2024-03-27T12:14:24.000Z",
      "fileName": "classes/MakeCalloutAndUpdateCase.cls",
      "fullName": "MakeCalloutAndUpdateCase",
      "id": "01p5h00000ZuTAfAAN",
      "lastModifiedById": "0055h000009l1YNAAY",
      "lastModifiedByName": "Manoj Kumar",
      "lastModifiedDate": "2024-03-27T12:15:59.000Z",
      "manageableState": "unmanaged",
      "type": "ApexClass"
    },
    {
      "createdById": "0055h000009l1YNAAY",
      "createdByName": "Manoj Kumar",
      "createdDate": "2023-11-07T12:48:10.000Z",
      "fileName": "classes/CaseControllerTest.cls",
      "fullName": "CaseControllerTest",
      "id": "01p5h00000V5dNxAAJ",
      "lastModifiedById": "0055h000009l1YNAAY",
      "lastModifiedByName": "Manoj Kumar",
      "lastModifiedDate": "2023-11-10T07:24:17.000Z",
      "manageableState": "unmanaged",
      "type": "ApexClass"
    },
    {
      "createdById": "0055h000009l1YNAAY",
      "createdByName": "Manoj Kumar",
      "createdDate": "2023-10-18T12:14:39.000Z",
      "fileName": "classes/SiteLoginController.cls",
      "fullName": "SiteLoginController",
      "id": "01p5h00000UCgfOAAT",
      "lastModifiedById": "0055h000009l1YNAAY",
      "lastModifiedByName": "Manoj Kumar",
      "lastModifiedDate": "2023-10-18T12:14:39.000Z",
      "manageableState": "unmanaged",
      "type": "ApexClass"
    },
    {
      "createdById": "0055h000009l1YNAAY",
      "createdByName": "Manoj Kumar",
      "createdDate": "2024-06-05T07:18:48.000Z",
      "fileName": "classes/CaseFlowHandler.cls",
      "fullName": "CaseFlowHandler",
      "id": "01pJ2000000scjNIAQ",
      "lastModifiedById": "0055h000009l1YNAAY",
      "lastModifiedByName": "Manoj Kumar",
      "lastModifiedDate": "2024-06-05T13:08:49.000Z",
      "manageableState": "unmanaged",
      "type": "ApexClass"
    },
    {
      "createdById": "0055h000009l1YNAAY",
      "createdByName": "Manoj Kumar",
      "createdDate": "2024-03-21T12:15:32.000Z",
      "fileName": "classes/MetaDataUtilityforFlow_Test.cls",
      "fullName": "MetaDataUtilityforFlow_Test",
      "id": "01p5h00000ZuKrPAAV",
      "lastModifiedById": "0055h000009l1YNAAY",
      "lastModifiedByName": "Manoj Kumar",
      "lastModifiedDate": "2024-03-21T12:38:53.000Z",
      "manageableState": "unmanaged",
      "type": "ApexClass"
    },
    {
      "createdById": "0055h000009l1YNAAY",
      "createdByName": "Manoj Kumar",
      "createdDate": "2023-09-19T10:31:33.000Z",
      "fileName": "classes/MassManager__MassDeleteControllerTests.cls",
      "fullName": "MassManager__MassDeleteControllerTests",
      "id": "01p5h00000SjSZQAA3",
      "lastModifiedById": "0055h000009l1YNAAY",
      "lastModifiedByName": "Manoj Kumar",
      "lastModifiedDate": "2023-09-19T10:31:33.000Z",
      "manageableState": "installed",
      "namespacePrefix": "MassManager",
      "type": "ApexClass"
    },
    {
      "createdById": "0055h000009l1YNAAY",
      "createdByName": "Manoj Kumar",
      "createdDate": "2023-10-18T12:14:39.000Z",
      "fileName": "classes/SiteRegisterController.cls",
      "fullName": "SiteRegisterController",
      "id": "01p5h00000UCgfQAAT",
      "lastModifiedById": "0055h000009l1YNAAY",
      "lastModifiedByName": "Manoj Kumar",
      "lastModifiedDate": "2023-10-18T12:14:39.000Z",
      "manageableState": "unmanaged",
      "type": "ApexClass"
    },
    {
      "createdById": "0055h000009l1YNAAY",
      "createdByName": "Manoj Kumar",
      "createdDate": "2023-11-01T10:11:04.000Z",
      "fileName": "classes/TaskControllerTest.cls",
      "fullName": "TaskControllerTest",
      "id": "01p5h00000UwR0wAAF",
      "lastModifiedById": "0055h000009l1YNAAY",
      "lastModifiedByName": "Manoj Kumar",
      "lastModifiedDate": "2023-11-01T10:22:06.000Z",
      "manageableState": "unmanaged",
      "type": "ApexClass"
    },
    {
      "createdById": "0055h000009l1YNAAY",
      "createdByName": "Manoj Kumar",
      "createdDate": "2024-07-23T14:21:03.000Z",
      "fileName": "classes/HttpHelperTest.cls",
      "fullName": "HttpHelperTest",
      "id": "01pJ2000000srphIAA",
      "lastModifiedById": "0055h000009l1YNAAY",
      "lastModifiedByName": "Manoj Kumar",
      "lastModifiedDate": "2024-07-24T10:15:18.000Z",
      "manageableState": "unmanaged",
      "type": "ApexClass"
    },
    {
      "createdById": "0055h000009l1YNAAY",
      "createdByName": "Manoj Kumar",
      "createdDate": "2023-09-25T05:36:27.000Z",
      "fileName": "classes/OppReminder.cls",
      "fullName": "OppReminder",
      "id": "01p5h00000T4di0AAB",
      "lastModifiedById": "0055h000009l1YNAAY",
      "lastModifiedByName": "Manoj Kumar",
      "lastModifiedDate": "2023-09-25T05:47:45.000Z",
      "manageableState": "unmanaged",
      "type": "ApexClass"
    },
    {
      "createdById": "0055h000009l1YNAAY",
      "createdByName": "Manoj Kumar",
      "createdDate": "2023-12-21T06:46:20.000Z",
      "fileName": "classes/LoanReviewCaseHandler.cls",
      "fullName": "LoanReviewCaseHandler",
      "id": "01p5h00000XSskTAAT",
      "lastModifiedById": "0055h000009l1YNAAY",
      "lastModifiedByName": "Manoj Kumar",
      "lastModifiedDate": "2023-12-21T07:19:35.000Z",
      "manageableState": "unmanaged",
      "type": "ApexClass"
    },
    {
      "createdById": "0055h000009l1YNAAY",
      "createdByName": "Manoj Kumar",
      "createdDate": "2024-03-26T11:04:13.000Z",
      "fileName": "classes/CaseUpdateUtility.cls",
      "fullName": "CaseUpdateUtility",
      "id": "01p5h00000ZuSfVAAV",
      "lastModifiedById": "0055h000009l1YNAAY",
      "lastModifiedByName": "Manoj Kumar",
      "lastModifiedDate": "2024-03-26T11:05:14.000Z",
      "manageableState": "unmanaged",
      "type": "ApexClass"
    },
    {
      "createdById": "0055h000009l1YNAAY",
      "createdByName": "Manoj Kumar",
      "createdDate": "2023-11-01T10:11:04.000Z",
      "fileName": "classes/ExternalApiService.cls",
      "fullName": "ExternalApiService",
      "id": "01p5h00000UwR0tAAF",
      "lastModifiedById": "0055h000009l1YNAAY",
      "lastModifiedByName": "Manoj Kumar",
      "lastModifiedDate": "2023-11-01T10:22:06.000Z",
      "manageableState": "unmanaged",
      "type": "ApexClass"
    },
    {
      "createdById": "0055h000009l1YNAAY",
      "createdByName": "Manoj Kumar",
      "createdDate": "2023-11-01T06:52:49.000Z",
      "fileName": "classes/FindingTypeController.cls",
      "fullName": "FindingTypeController",
      "id": "01p5h00000Uw9RPAAZ",
      "lastModifiedById": "0055h000009l1YNAAY",
      "lastModifiedByName": "Manoj Kumar",
      "lastModifiedDate": "2023-11-09T05:09:04.000Z",
      "manageableState": "unmanaged",
      "type": "ApexClass"
    },
    {
      "createdById": "0055h000009l1YNAAY",
      "createdByName": "Manoj Kumar",
      "createdDate": "2023-09-19T10:31:33.000Z",
      "fileName": "classes/MassManager__TestMassUpdateController.cls",
      "fullName": "MassManager__TestMassUpdateController",
      "id": "01p5h00000SjSZVAA3",
      "lastModifiedById": "0055h000009l1YNAAY",
      "lastModifiedByName": "Manoj Kumar",
      "lastModifiedDate": "2023-09-19T10:31:33.000Z",
      "manageableState": "installed",
      "namespacePrefix": "MassManager",
      "type": "ApexClass"
    },
    {
      "createdById": "0055h000009l1YNAAY",
      "createdByName": "Manoj Kumar",
      "createdDate": "2023-10-18T14:57:43.000Z",
      "fileName": "classes/CaseEmailTriggerTest.cls",
      "fullName": "CaseEmailTriggerTest",
      "id": "01p5h00000UCuKZAA1",
      "lastModifiedById": "0055h000009l1YNAAY",
      "lastModifiedByName": "Manoj Kumar",
      "lastModifiedDate": "2023-10-18T15:21:17.000Z",
      "manageableState": "unmanaged",
      "type": "ApexClass"
    },
    {
      "createdById": "0055h000009l1YNAAY",
      "createdByName": "Manoj Kumar",
      "createdDate": "2023-10-18T15:42:26.000Z",
      "fileName": "classes/UpdatePurposeOnCaseTest.cls",
      "fullName": "UpdatePurposeOnCaseTest",
      "id": "01p5h00000UCuLDAA1",
      "lastModifiedById": "0055h000009l1YNAAY",
      "lastModifiedByName": "Manoj Kumar",
      "lastModifiedDate": "2023-10-19T02:11:42.000Z",
      "manageableState": "unmanaged",
      "type": "ApexClass"
    },
    {
      "createdById": "0055h000009l1YNAAY",
      "createdByName": "Manoj Kumar",
      "createdDate": "2023-11-28T08:46:20.000Z",
      "fileName": "classes/UPCSCANNINGTest.cls",
      "fullName": "UPCSCANNINGTest",
      "id": "01p5h00000WEStjAAH",
      "lastModifiedById": "0055h000009l1YNAAY",
      "lastModifiedByName": "Manoj Kumar",
      "lastModifiedDate": "2023-11-28T11:34:27.000Z",
      "manageableState": "unmanaged",
      "type": "ApexClass"
    },
    {
      "createdById": "0055h000009l1YNAAY",
      "createdByName": "Manoj Kumar",
      "createdDate": "2023-09-19T10:31:33.000Z",
      "fileName": "classes/MassManager__UtilityController.cls",
      "fullName": "MassManager__UtilityController",
      "id": "01p5h00000SjSZWAA3",
      "lastModifiedById": "0055h000009l1YNAAY",
      "lastModifiedByName": "Manoj Kumar",
      "lastModifiedDate": "2023-09-19T10:31:33.000Z",
      "manageableState": "installed",
      "namespacePrefix": "MassManager",
      "type": "ApexClass"
    },
    {
      "createdById": "0055h000009l1YNAAY",
      "createdByName": "Manoj Kumar",
      "createdDate": "2023-12-21T13:29:12.000Z",
      "fileName": "classes/caseInsertionclassforLWC.cls",
      "fullName": "caseInsertionclassforLWC",
      "id": "01p5h00000XTEb1AAH",
      "lastModifiedById": "0055h000009l1YNAAY",
      "lastModifiedByName": "Manoj Kumar",
      "lastModifiedDate": "2023-12-21T13:41:55.000Z",
      "manageableState": "unmanaged",
      "type": "ApexClass"
    },
    {
      "createdById": "0055h000009l1YNAAY",
      "createdByName": "Manoj Kumar",
      "createdDate": "2024-09-13T07:51:55.000Z",
      "fileName": "classes/PayCreditCardHandlerTest.cls",
      "fullName": "PayCreditCardHandlerTest",
      "id": "01pJ2000000sww7IAA",
      "lastModifiedById": "0055h000009l1YNAAY",
      "lastModifiedByName": "Manoj Kumar",
      "lastModifiedDate": "2024-09-19T11:54:39.000Z",
      "manageableState": "unmanaged",
      "type": "ApexClass"
    },
    {
      "createdById": "0055h000009l1YNAAY",
      "createdByName": "Manoj Kumar",
      "createdDate": "2024-06-27T06:58:32.000Z",
      "fileName": "classes/UserInfoFetcher.cls",
      "fullName": "UserInfoFetcher",
      "id": "01pJ2000000sgIcIAI",
      "lastModifiedById": "0055h000009l1YNAAY",
      "lastModifiedByName": "Manoj Kumar",
      "lastModifiedDate": "2024-06-28T13:27:45.000Z",
      "manageableState": "unmanaged",
      "type": "ApexClass"
    },
    {
      "createdById": "0055h000009l1YNAAY",
      "createdByName": "Manoj Kumar",
      "createdDate": "2023-09-26T10:18:00.000Z",
      "fileName": "classes/DataRetrievalByEmail.cls",
      "fullName": "DataRetrievalByEmail",
      "id": "01p5h00000T5ntVAAR",
      "lastModifiedById": "0055h000009l1YNAAY",
      "lastModifiedByName": "Manoj Kumar",
      "lastModifiedDate": "2023-09-26T10:23:56.000Z",
      "manageableState": "unmanaged",
      "type": "ApexClass"
    },
    {
      "createdById": "0055h000009l1YNAAY",
      "createdByName": "Manoj Kumar",
      "createdDate": "2023-09-22T13:52:05.000Z",
      "fileName": "classes/RemindOppOwners.cls",
      "fullName": "RemindOppOwners",
      "id": "01p5h00000T3TswAAF",
      "lastModifiedById": "0055h000009l1YNAAY",
      "lastModifiedByName": "Manoj Kumar",
      "lastModifiedDate": "2023-09-22T14:08:06.000Z",
      "manageableState": "unmanaged",
      "type": "ApexClass"
    },
    {
      "createdById": "0055h000009l1YNAAY",
      "createdByName": "Manoj Kumar",
      "createdDate": "2023-12-19T08:51:32.000Z",
      "fileName": "classes/CaseInsertionCaller.cls",
      "fullName": "CaseInsertionCaller",
      "id": "01p5h00000XR3ciAAD",
      "lastModifiedById": "0055h000009l1YNAAY",
      "lastModifiedByName": "Manoj Kumar",
      "lastModifiedDate": "2023-12-19T09:30:56.000Z",
      "manageableState": "unmanaged",
      "type": "ApexClass"
    },
    {
      "createdById": "0055h000009l1YNAAY",
      "createdByName": "Manoj Kumar",
      "createdDate": "2023-09-23T04:40:44.000Z",
      "fileName": "classes/DailyOppProcessor.cls",
      "fullName": "DailyOppProcessor",
      "id": "01p5h00000T3i3AAAR",
      "lastModifiedById": "0055h000009l1YNAAY",
      "lastModifiedByName": "Manoj Kumar",
      "lastModifiedDate": "2023-09-23T05:16:44.000Z",
      "manageableState": "unmanaged",
      "type": "ApexClass"
    },
    {
      "createdById": "0055h000009l1YNAAY",
      "createdByName": "Manoj Kumar",
      "createdDate": "2023-09-22T13:49:54.000Z",
      "fileName": "classes/Taskutils.cls",
      "fullName": "Taskutils",
      "id": "01p5h00000T3TsBAAV",
      "lastModifiedById": "0055h000009l1YNAAY",
      "lastModifiedByName": "Manoj Kumar",
      "lastModifiedDate": "2023-09-22T14:03:29.000Z",
      "manageableState": "unmanaged",
      "type": "ApexClass"
    },
    {
      "createdById": "0055h000009l1YNAAY",
      "createdByName": "Manoj Kumar",
      "createdDate": "2023-09-19T10:31:33.000Z",
      "fileName": "classes/MassManager__ActionHubPostUnInstallTests.cls",
      "fullName": "MassManager__ActionHubPostUnInstallTests",
      "id": "01p5h00000SjSZLAA3",
      "lastModifiedById": "0055h000009l1YNAAY",
      "lastModifiedByName": "Manoj Kumar",
      "lastModifiedDate": "2023-09-19T10:31:33.000Z",
      "manageableState": "installed",
      "namespacePrefix": "MassManager",
      "type": "ApexClass"
    },
    {
      "createdById": "0055h000009l1YNAAY",
      "createdByName": "Manoj Kumar",
      "createdDate": "2024-03-06T11:58:58.000Z",
      "fileName": "classes/CustomMetadataCallback.cls",
      "fullName": "CustomMetadataCallback",
      "id": "01p5h00000Zu3Z9AAJ",
      "lastModifiedById": "0055h000009l1YNAAY",
      "lastModifiedByName": "Manoj Kumar",
      "lastModifiedDate": "2024-03-06T12:06:00.000Z",
      "manageableState": "unmanaged",
      "type": "ApexClass"
    },
    {
      "createdById": "0055h000009l1YNAAY",
      "createdByName": "Manoj Kumar",
      "createdDate": "2023-11-18T11:14:06.000Z",
      "fileName": "classes/CasePushHandler.cls",
      "fullName": "CasePushHandler",
      "id": "01p5h00000Vc72dAAB",
      "lastModifiedById": "0055h000009l1YNAAY",
      "lastModifiedByName": "Manoj Kumar",
      "lastModifiedDate": "2023-11-18T12:47:38.000Z",
      "manageableState": "unmanaged",
      "type": "ApexClass"
    },
    {
      "createdById": "0055h000009l1YNAAY",
      "createdByName": "Manoj Kumar",
      "createdDate": "2023-10-22T13:00:06.000Z",
      "fileName": "classes/BankAccountInsertTest.cls",
      "fullName": "BankAccountInsertTest",
      "id": "01p5h00000UR85XAAT",
      "lastModifiedById": "0055h000009l1YNAAY",
      "lastModifiedByName": "Manoj Kumar",
      "lastModifiedDate": "2023-10-22T13:00:06.000Z",
      "manageableState": "unmanaged",
      "type": "ApexClass"
    },
    {
      "createdById": "0055h000009l1YNAAY",
      "createdByName": "Manoj Kumar",
      "createdDate": "2023-09-19T10:31:33.000Z",
      "fileName": "classes/MassManager__ActionHubExtensionTests.cls",
      "fullName": "MassManager__ActionHubExtensionTests",
      "id": "01p5h00000SjSZHAA3",
      "lastModifiedById": "0055h000009l1YNAAY",
      "lastModifiedByName": "Manoj Kumar",
      "lastModifiedDate": "2023-09-19T10:31:33.000Z",
      "manageableState": "installed",
      "namespacePrefix": "MassManager",
      "type": "ApexClass"
    },
    {
      "createdById": "0055h000009l1YNAAY",
      "createdByName": "Manoj Kumar",
      "createdDate": "2023-12-21T06:45:51.000Z",
      "fileName": "classes/CaseHandler.cls",
      "fullName": "CaseHandler",
      "id": "01p5h00000XSskOAAT",
      "lastModifiedById": "0055h000009l1YNAAY",
      "lastModifiedByName": "Manoj Kumar",
      "lastModifiedDate": "2023-12-21T07:18:39.000Z",
      "manageableState": "unmanaged",
      "type": "ApexClass"
    },
    {
      "createdById": "0055h000009l1YNAAY",
      "createdByName": "Manoj Kumar",
      "createdDate": "2023-11-09T04:32:23.000Z",
      "fileName": "classes/CSVDataLoaderController.cls",
      "fullName": "CSVDataLoaderController",
      "id": "01p5h00000V7GaHAAV",
      "lastModifiedById": "0055h000009l1YNAAY",
      "lastModifiedByName": "Manoj Kumar",
      "lastModifiedDate": "2023-11-10T07:44:17.000Z",
      "manageableState": "unmanaged",
      "type": "ApexClass"
    },
    {
      "createdById": "0055h000009l1YNAAY",
      "createdByName": "Manoj Kumar",
      "createdDate": "2023-11-01T10:11:04.000Z",
      "fileName": "classes/ContactApex.cls",
      "fullName": "ContactApex",
      "id": "01p5h00000UwR0sAAF",
      "lastModifiedById": "0055h000009l1YNAAY",
      "lastModifiedByName": "Manoj Kumar",
      "lastModifiedDate": "2023-11-01T10:22:06.000Z",
      "manageableState": "unmanaged",
      "type": "ApexClass"
    },
    {
      "createdById": "0055h000009l1YNAAY",
      "createdByName": "Manoj Kumar",
      "createdDate": "2024-02-22T08:11:30.000Z",
      "fileName": "classes/EmailParser.cls",
      "fullName": "EmailParser",
      "id": "01p5h00000Ztp11AAB",
      "lastModifiedById": "0055h000009l1YNAAY",
      "lastModifiedByName": "Manoj Kumar",
      "lastModifiedDate": "2024-02-22T12:19:57.000Z",
      "manageableState": "unmanaged",
      "type": "ApexClass"
    },
    {
      "createdById": "0055h000009l1YNAAY",
      "createdByName": "Manoj Kumar",
      "createdDate": "2023-10-05T06:35:01.000Z",
      "fileName": "classes/AccountContoller.cls",
      "fullName": "AccountContoller",
      "id": "01p5h00000THnOZAA1",
      "lastModifiedById": "0055h000009l1YNAAY",
      "lastModifiedByName": "Manoj Kumar",
      "lastModifiedDate": "2023-10-11T08:17:32.000Z",
      "manageableState": "unmanaged",
      "type": "ApexClass"
    },
    {
      "createdById": "0055h000009l1YNAAY",
      "createdByName": "Manoj Kumar",
      "createdDate": "2023-11-01T10:11:04.000Z",
      "fileName": "classes/TaskDescriptionFetcher.cls",
      "fullName": "TaskDescriptionFetcher",
      "id": "01p5h00000UwR0xAAF",
      "lastModifiedById": "0055h000009l1YNAAY",
      "lastModifiedByName": "Manoj Kumar",
      "lastModifiedDate": "2023-11-01T10:22:06.000Z",
      "manageableState": "unmanaged",
      "type": "ApexClass"
    },
    {
      "createdById": "0055h000009l1YNAAY",
      "createdByName": "Manoj Kumar",
      "createdDate": "2024-03-28T11:09:32.000Z",
      "fileName": "classes/DebitCardAction.cls",
      "fullName": "DebitCardAction",
      "id": "01p5h00000ZuUqqAAF",
      "lastModifiedById": "0055h000009l1YNAAY",
      "lastModifiedByName": "Manoj Kumar",
      "lastModifiedDate": "2024-05-14T12:55:26.000Z",
      "manageableState": "unmanaged",
      "type": "ApexClass"
    },
    {
      "createdById": "0055h000009l1YNAAY",
      "createdByName": "Manoj Kumar",
      "createdDate": "2023-11-01T10:11:04.000Z",
      "fileName": "classes/ExternalDataAPIController.cls",
      "fullName": "ExternalDataAPIController",
      "id": "01p5h00000UwR0uAAF",
      "lastModifiedById": "0055h000009l1YNAAY",
      "lastModifiedByName": "Manoj Kumar",
      "lastModifiedDate": "2023-12-19T07:19:41.000Z",
      "manageableState": "unmanaged",
      "type": "ApexClass"
    },
    {
      "createdById": "0055h000009l1YNAAY",
      "createdByName": "Manoj Kumar",
      "createdDate": "2023-11-01T10:11:04.000Z",
      "fileName": "classes/CaseController.cls",
      "fullName": "CaseController",
      "id": "01p5h00000UwR0pAAF",
      "lastModifiedById": "0055h000009l1YNAAY",
      "lastModifiedByName": "Manoj Kumar",
      "lastModifiedDate": "2023-11-10T07:19:04.000Z",
      "manageableState": "unmanaged",
      "type": "ApexClass"
    },
    {
      "createdById": "0055h000009l1YNAAY",
      "createdByName": "Manoj Kumar",
      "createdDate": "2023-09-23T08:34:04.000Z",
      "fileName": "classes/CalculateCaseOrginTest.cls",
      "fullName": "CalculateCaseOrginTest",
      "id": "01p5h00000T3oaDAAR",
      "lastModifiedById": "0055h000009l1YNAAY",
      "lastModifiedByName": "Manoj Kumar",
      "lastModifiedDate": "2023-09-23T09:09:25.000Z",
      "manageableState": "unmanaged",
      "type": "ApexClass"
    },
    {
      "createdById": "0055h000009l1YNAAY",
      "createdByName": "Manoj Kumar",
      "createdDate": "2023-09-19T10:31:33.000Z",
      "fileName": "classes/MassManager__ConstantsTests.cls",
      "fullName": "MassManager__ConstantsTests",
      "id": "01p5h00000SjSZNAA3",
      "lastModifiedById": "0055h000009l1YNAAY",
      "lastModifiedByName": "Manoj Kumar",
      "lastModifiedDate": "2023-09-19T10:31:33.000Z",
      "manageableState": "installed",
      "namespacePrefix": "MassManager",
      "type": "ApexClass"
    },
    {
      "createdById": "0055h000009l1YNAAY",
      "createdByName": "Manoj Kumar",
      "createdDate": "2023-12-21T06:51:39.000Z",
      "fileName": "classes/CaseHandlerFactory.cls",
      "fullName": "CaseHandlerFactory",
      "id": "01p5h00000XSskdAAD",
      "lastModifiedById": "0055h000009l1YNAAY",
      "lastModifiedByName": "Manoj Kumar",
      "lastModifiedDate": "2023-12-21T07:18:05.000Z",
      "manageableState": "unmanaged",
      "type": "ApexClass"
    },
    {
      "createdById": "0055h000009l1YNAAY",
      "createdByName": "Manoj Kumar",
      "createdDate": "2023-12-19T06:52:48.000Z",
      "fileName": "classes/ApiDataFetcher.cls",
      "fullName": "ApiDataFetcher",
      "id": "01p5h00000XQqwpAAD",
      "lastModifiedById": "0055h000009l1YNAAY",
      "lastModifiedByName": "Manoj Kumar",
      "lastModifiedDate": "2023-12-19T06:52:48.000Z",
      "manageableState": "unmanaged",
      "type": "ApexClass"
    },
    {
      "createdById": "0055h000009l1YNAAY",
      "createdByName": "Manoj Kumar",
      "createdDate": "2023-11-15T12:44:02.000Z",
      "fileName": "classes/LoanController.cls",
      "fullName": "LoanController",
      "id": "01p5h00000TbvpAAAR",
      "lastModifiedById": "0055h000009l1YNAAY",
      "lastModifiedByName": "Manoj Kumar",
      "lastModifiedDate": "2023-11-20T09:55:52.000Z",
      "manageableState": "unmanaged",
      "type": "ApexClass"
    },
    {
      "createdById": "0055h000009l1YNAAY",
      "createdByName": "Manoj Kumar",
      "createdDate": "2024-02-08T08:36:18.000Z",
      "fileName": "classes/ServiceNowIntegration.cls",
      "fullName": "ServiceNowIntegration",
      "id": "01p5h00000Zth6kAAB",
      "lastModifiedById": "0055h000009l1YNAAY",
      "lastModifiedByName": "Manoj Kumar",
      "lastModifiedDate": "2024-02-08T08:36:18.000Z",
      "manageableState": "unmanaged",
      "type": "ApexClass"
    },
    {
      "createdById": "0055h000009l1YNAAY",
      "createdByName": "Manoj Kumar",
      "createdDate": "2023-11-20T04:19:52.000Z",
      "fileName": "classes/CaseTriggerHandlerTest.cls",
      "fullName": "CaseTriggerHandlerTest",
      "id": "01p5h00000VcjSFAAZ",
      "lastModifiedById": "0055h000009l1YNAAY",
      "lastModifiedByName": "Manoj Kumar",
      "lastModifiedDate": "2023-11-20T04:23:15.000Z",
      "manageableState": "unmanaged",
      "type": "ApexClass"
    },
    {
      "createdById": "0055h000009l1YNAAY",
      "createdByName": "Manoj Kumar",
      "createdDate": "2023-09-19T10:31:33.000Z",
      "fileName": "classes/MassManager__DatabaseUtility.cls",
      "fullName": "MassManager__DatabaseUtility",
      "id": "01p5h00000SjSZOAA3",
      "lastModifiedById": "0055h000009l1YNAAY",
      "lastModifiedByName": "Manoj Kumar",
      "lastModifiedDate": "2023-09-19T10:31:33.000Z",
      "manageableState": "installed",
      "namespacePrefix": "MassManager",
      "type": "ApexClass"
    },
    {
      "createdById": "0055h000009l1YNAAY",
      "createdByName": "Manoj Kumar",
      "createdDate": "2023-09-26T11:08:39.000Z",
      "fileName": "classes/Add.cls",
      "fullName": "Add",
      "id": "01p5h00000T5rqYAAR",
      "lastModifiedById": "0055h000009l1YNAAY",
      "lastModifiedByName": "Manoj Kumar",
      "lastModifiedDate": "2023-12-06T06:35:05.000Z",
      "manageableState": "unmanaged",
      "type": "ApexClass"
    },
    {
      "createdById": "0055h000009l1YNAAY",
      "createdByName": "Manoj Kumar",
      "createdDate": "2024-03-06T09:32:18.000Z",
      "fileName": "classes/UpdateCustomMetadata.cls",
      "fullName": "UpdateCustomMetadata",
      "id": "01p5h00000Zu3XSAAZ",
      "lastModifiedById": "0055h000009l1YNAAY",
      "lastModifiedByName": "Manoj Kumar",
      "lastModifiedDate": "2024-03-06T09:32:18.000Z",
      "manageableState": "unmanaged",
      "type": "ApexClass"
    },
    {
      "createdById": "0055h000009l1YNAAY",
      "createdByName": "Manoj Kumar",
      "createdDate": "2023-09-19T10:31:33.000Z",
      "fileName": "classes/MassManager__MassDeleteController.cls",
      "fullName": "MassManager__MassDeleteController",
      "id": "01p5h00000SjSZPAA3",
      "lastModifiedById": "0055h000009l1YNAAY",
      "lastModifiedByName": "Manoj Kumar",
      "lastModifiedDate": "2023-09-19T10:31:33.000Z",
      "manageableState": "installed",
      "namespacePrefix": "MassManager",
      "type": "ApexClass"
    },
    {
      "createdById": "0055h000009l1YNAAY",
      "createdByName": "Manoj Kumar",
      "createdDate": "2023-11-01T10:11:04.000Z",
      "fileName": "classes/CaseInsertionExampleTest.cls",
      "fullName": "CaseInsertionExampleTest",
      "id": "01p5h00000UwR0rAAF",
      "lastModifiedById": "0055h000009l1YNAAY",
      "lastModifiedByName": "Manoj Kumar",
      "lastModifiedDate": "2023-11-02T10:56:32.000Z",
      "manageableState": "unmanaged",
      "type": "ApexClass"
    },
    {
      "createdById": "0055h000009l1YNAAY",
      "createdByName": "Manoj Kumar",
      "createdDate": "2024-02-08T09:18:58.000Z",
      "fileName": "classes/ServiceNowOAuth.cls",
      "fullName": "ServiceNowOAuth",
      "id": "01p5h00000Zth79AAB",
      "lastModifiedById": "0055h000009l1YNAAY",
      "lastModifiedByName": "Manoj Kumar",
      "lastModifiedDate": "2024-02-08T09:18:58.000Z",
      "manageableState": "unmanaged",
      "type": "ApexClass"
    },
    {
      "createdById": "0055h000009l1YNAAY",
      "createdByName": "Manoj Kumar",
      "createdDate": "2023-10-18T12:14:39.000Z",
      "fileName": "classes/ForgotPasswordControllerTest.cls",
      "fullName": "ForgotPasswordControllerTest",
      "id": "01p5h00000UCgfVAAT",
      "lastModifiedById": "0055h000009l1YNAAY",
      "lastModifiedByName": "Manoj Kumar",
      "lastModifiedDate": "2023-10-18T12:14:39.000Z",
      "manageableState": "unmanaged",
      "type": "ApexClass"
    },
    {
      "createdById": "0055h000009l1YNAAY",
      "createdByName": "Manoj Kumar",
      "createdDate": "2024-03-06T12:21:04.000Z",
      "fileName": "classes/MetaDataUtilityforFlow.cls",
      "fullName": "MetaDataUtilityforFlow",
      "id": "01p5h00000Zu3ZEAAZ",
      "lastModifiedById": "0055h000009l1YNAAY",
      "lastModifiedByName": "Manoj Kumar",
      "lastModifiedDate": "2024-03-21T13:21:12.000Z",
      "manageableState": "unmanaged",
      "type": "ApexClass"
    },
    {
      "createdById": "0055h000009l1YNAAY",
      "createdByName": "Manoj Kumar",
      "createdDate": "2023-09-26T09:30:45.000Z",
      "fileName": "classes/APIDataInsertion.cls",
      "fullName": "APIDataInsertion",
      "id": "01p5h00000T5m3UAAR",
      "lastModifiedById": "0055h000009l1YNAAY",
      "lastModifiedByName": "Manoj Kumar",
      "lastModifiedDate": "2023-09-26T11:21:52.000Z",
      "manageableState": "unmanaged",
      "type": "ApexClass"
    },
    {
      "createdById": "0055h000009l1YNAAY",
      "createdByName": "Manoj Kumar",
      "createdDate": "2023-11-01T10:11:04.000Z",
      "fileName": "classes/TaskController.cls",
      "fullName": "TaskController",
      "id": "01p5h00000UwR0vAAF",
      "lastModifiedById": "0055h000009l1YNAAY",
      "lastModifiedByName": "Manoj Kumar",
      "lastModifiedDate": "2023-11-01T10:22:06.000Z",
      "manageableState": "unmanaged",
      "type": "ApexClass"
    },
    {
      "createdById": "0055h000009l1YNAAY",
      "createdByName": "Manoj Kumar",
      "createdDate": "2023-09-19T10:31:33.000Z",
      "fileName": "classes/MassManager__TestMassEditController.cls",
      "fullName": "MassManager__TestMassEditController",
      "id": "01p5h00000SjSZUAA3",
      "lastModifiedById": "0055h000009l1YNAAY",
      "lastModifiedByName": "Manoj Kumar",
      "lastModifiedDate": "2023-09-19T10:31:33.000Z",
      "manageableState": "installed",
      "namespacePrefix": "MassManager",
      "type": "ApexClass"
    },
    {
      "createdById": "0055h000009l1YNAAY",
      "createdByName": "Manoj Kumar",
      "createdDate": "2023-12-19T11:34:06.000Z",
      "fileName": "classes/CaseInsertionCallerTest.cls",
      "fullName": "CaseInsertionCallerTest",
      "id": "01p5h00000XREMNAA5",
      "lastModifiedById": "0055h000009l1YNAAY",
      "lastModifiedByName": "Manoj Kumar",
      "lastModifiedDate": "2023-12-19T11:35:09.000Z",
      "manageableState": "unmanaged",
      "type": "ApexClass"
    },
    {
      "createdById": "0055h000009l1YNAAY",
      "createdByName": "Manoj Kumar",
      "createdDate": "2023-11-28T08:18:26.000Z",
      "fileName": "classes/CaseEmailProcessor.cls",
      "fullName": "CaseEmailProcessor",
      "id": "01p5h00000WERIDAA5",
      "lastModifiedById": "0055h000009l1YNAAY",
      "lastModifiedByName": "Manoj Kumar",
      "lastModifiedDate": "2023-11-28T13:29:34.000Z",
      "manageableState": "unmanaged",
      "type": "ApexClass"
    },
    {
      "createdById": "0055h000009l1YNAAY",
      "createdByName": "Manoj Kumar",
      "createdDate": "2023-09-26T05:49:27.000Z",
      "fileName": "classes/MilestoneData.cls",
      "fullName": "MilestoneData",
      "id": "01p5h00000T5ZYyAAN",
      "lastModifiedById": "0055h000009l1YNAAY",
      "lastModifiedByName": "Manoj Kumar",
      "lastModifiedDate": "2023-09-26T05:49:39.000Z",
      "manageableState": "unmanaged",
      "type": "ApexClass"
    },
    {
      "createdById": "0055h000009l1YNAAY",
      "createdByName": "Manoj Kumar",
      "createdDate": "2023-11-18T09:31:24.000Z",
      "fileName": "classes/CaseTriggerHandler.cls",
      "fullName": "CaseTriggerHandler",
      "id": "01p5h00000Vc17LAAR",
      "lastModifiedById": "0055h000009l1YNAAY",
      "lastModifiedByName": "Manoj Kumar",
      "lastModifiedDate": "2023-11-20T04:26:21.000Z",
      "manageableState": "unmanaged",
      "type": "ApexClass"
    },
    {
      "createdById": "0055h000009l1YNAAY",
      "createdByName": "Manoj Kumar",
      "createdDate": "2024-02-22T10:26:41.000Z",
      "fileName": "classes/UPCDescriptionExtract.cls",
      "fullName": "UPCDescriptionExtract",
      "id": "01p5h00000Ztp2nAAB",
      "lastModifiedById": "0055h000009l1YNAAY",
      "lastModifiedByName": "Manoj Kumar",
      "lastModifiedDate": "2024-02-23T10:24:12.000Z",
      "manageableState": "unmanaged",
      "type": "ApexClass"
    },
    {
      "createdById": "0055h000009l1YNAAY",
      "createdByName": "Manoj Kumar",
      "createdDate": "2023-10-18T12:14:39.000Z",
      "fileName": "classes/MyProfilePageControllerTest.cls",
      "fullName": "MyProfilePageControllerTest",
      "id": "01p5h00000UCgfXAAT",
      "lastModifiedById": "0055h000009l1YNAAY",
      "lastModifiedByName": "Manoj Kumar",
      "lastModifiedDate": "2023-10-18T12:14:39.000Z",
      "manageableState": "unmanaged",
      "type": "ApexClass"
    },
    {
      "createdById": "0055h000009l1YNAAY",
      "createdByName": "Manoj Kumar",
      "createdDate": "2024-01-08T10:42:48.000Z",
      "fileName": "classes/CaseRedirectionHandler.cls",
      "fullName": "CaseRedirectionHandler",
      "id": "01p5h00000YHYojAAH",
      "lastModifiedById": "0055h000009l1YNAAY",
      "lastModifiedByName": "Manoj Kumar",
      "lastModifiedDate": "2024-01-08T10:42:48.000Z",
      "manageableState": "unmanaged",
      "type": "ApexClass"
    },
    {
      "createdById": "0055h000009l1YNAAY",
      "createdByName": "Manoj Kumar",
      "createdDate": "2023-11-28T13:06:55.000Z",
      "fileName": "classes/CaseEmailProcessorTest.cls",
      "fullName": "CaseEmailProcessorTest",
      "id": "01p5h00000WEdxlAAD",
      "lastModifiedById": "0055h000009l1YNAAY",
      "lastModifiedByName": "Manoj Kumar",
      "lastModifiedDate": "2023-11-28T13:22:11.000Z",
      "manageableState": "unmanaged",
      "type": "ApexClass"
    },
    {
      "createdById": "0055h000009l1YNAAY",
      "createdByName": "Manoj Kumar",
      "createdDate": "2023-09-26T06:42:03.000Z",
      "fileName": "classes/ExternalDataAPIGet.cls",
      "fullName": "ExternalDataAPIGet",
      "id": "01p5h00000T5ZaBAAV",
      "lastModifiedById": "0055h000009l1YNAAY",
      "lastModifiedByName": "Manoj Kumar",
      "lastModifiedDate": "2023-09-26T06:48:39.000Z",
      "manageableState": "unmanaged",
      "type": "ApexClass"
    },
    {
      "createdById": "0055h000009l1YNAAY",
      "createdByName": "Manoj Kumar",
      "createdDate": "2024-03-06T10:32:10.000Z",
      "fileName": "classes/UpdateMetadataController.cls",
      "fullName": "UpdateMetadataController",
      "id": "01p5h00000Zu3YBAAZ",
      "lastModifiedById": "0055h000009l1YNAAY",
      "lastModifiedByName": "Manoj Kumar",
      "lastModifiedDate": "2024-03-06T11:49:32.000Z",
      "manageableState": "unmanaged",
      "type": "ApexClass"
    },
    {
      "createdById": "0055h000009l1YNAAY",
      "createdByName": "Manoj Kumar",
      "createdDate": "2024-02-08T09:20:37.000Z",
      "fileName": "classes/YourCallbackHandler.cls",
      "fullName": "YourCallbackHandler",
      "id": "01p5h00000Zth7EAAR",
      "lastModifiedById": "0055h000009l1YNAAY",
      "lastModifiedByName": "Manoj Kumar",
      "lastModifiedDate": "2024-02-08T09:20:37.000Z",
      "manageableState": "unmanaged",
      "type": "ApexClass"
    },
    {
      "createdById": "0055h000009l1YNAAY",
      "createdByName": "Manoj Kumar",
      "createdDate": "2023-11-07T05:47:56.000Z",
      "fileName": "classes/CaseDetailsController.cls",
      "fullName": "CaseDetailsController",
      "id": "01p5h00000V53aFAAR",
      "lastModifiedById": "0055h000009l1YNAAY",
      "lastModifiedByName": "Manoj Kumar",
      "lastModifiedDate": "2023-11-07T06:24:31.000Z",
      "manageableState": "unmanaged",
      "type": "ApexClass"
    },
    {
      "createdById": "0055h000009l1YNAAY",
      "createdByName": "Manoj Kumar",
      "createdDate": "2023-09-25T16:34:10.000Z",
      "fileName": "classes/ExternalAPIData.cls",
      "fullName": "ExternalAPIData",
      "id": "01p5h00000T5Fa2AAF",
      "lastModifiedById": "0055h000009l1YNAAY",
      "lastModifiedByName": "Manoj Kumar",
      "lastModifiedDate": "2023-10-05T12:26:24.000Z",
      "manageableState": "unmanaged",
      "type": "ApexClass"
    },
    {
      "createdById": "0055h000009l1YNAAY",
      "createdByName": "Manoj Kumar",
      "createdDate": "2023-09-26T10:06:05.000Z",
      "fileName": "classes/APIDataRetrieval.cls",
      "fullName": "APIDataRetrieval",
      "id": "01p5h00000T5mUCAAZ",
      "lastModifiedById": "0055h000009l1YNAAY",
      "lastModifiedByName": "Manoj Kumar",
      "lastModifiedDate": "2023-09-26T10:13:58.000Z",
      "manageableState": "unmanaged",
      "type": "ApexClass"
    },
    {
      "createdById": "0055h000009l1YNAAY",
      "createdByName": "Manoj Kumar",
      "createdDate": "2023-11-01T10:11:04.000Z",
      "fileName": "classes/CaseInsertionExample.cls",
      "fullName": "CaseInsertionExample",
      "id": "01p5h00000UwR0qAAF",
      "lastModifiedById": "0055h000009l1YNAAY",
      "lastModifiedByName": "Manoj Kumar",
      "lastModifiedDate": "2023-12-21T07:19:45.000Z",
      "manageableState": "unmanaged",
      "type": "ApexClass"
    },
    {
      "createdById": "0055h000009l1YNAAY",
      "createdByName": "Manoj Kumar",
      "createdDate": "2023-09-26T09:55:37.000Z",
      "fileName": "classes/APIDataInsertionTest.cls",
      "fullName": "APIDataInsertionTest",
      "id": "01p5h00000T5m43AAB",
      "lastModifiedById": "0055h000009l1YNAAY",
      "lastModifiedByName": "Manoj Kumar",
      "lastModifiedDate": "2023-09-26T09:58:13.000Z",
      "manageableState": "unmanaged",
      "type": "ApexClass"
    },
    {
      "createdById": "0055h000009l1YNAAY",
      "createdByName": "Manoj Kumar",
      "createdDate": "2023-09-19T10:31:33.000Z",
      "fileName": "classes/MassManager__ActionHubExtension.cls",
      "fullName": "MassManager__ActionHubExtension",
      "id": "01p5h00000SjSZGAA3",
      "lastModifiedById": "0055h000009l1YNAAY",
      "lastModifiedByName": "Manoj Kumar",
      "lastModifiedDate": "2023-09-19T10:31:33.000Z",
      "manageableState": "installed",
      "namespacePrefix": "MassManager",
      "type": "ApexClass"
    },
    {
      "createdById": "0055h000009l1YNAAY",
      "createdByName": "Manoj Kumar",
      "createdDate": "2024-03-27T11:14:57.000Z",
      "fileName": "classes/CFCUFlowHandler.cls",
      "fullName": "CFCUFlowHandler",
      "id": "01p5h00000ZuTA6AAN",
      "lastModifiedById": "0055h000009l1YNAAY",
      "lastModifiedByName": "Manoj Kumar",
      "lastModifiedDate": "2024-03-28T10:17:50.000Z",
      "manageableState": "unmanaged",
      "type": "ApexClass"
    },
    {
      "createdById": "0055h000009l1YNAAY",
      "createdByName": "Manoj Kumar",
      "createdDate": "2024-03-26T13:51:57.000Z",
      "fileName": "classes/UpdateCaseWithConfirmationValue.cls",
      "fullName": "UpdateCaseWithConfirmationValue",
      "id": "01p5h00000ZuSg4AAF",
      "lastModifiedById": "0055h000009l1YNAAY",
      "lastModifiedByName": "Manoj Kumar",
      "lastModifiedDate": "2024-03-27T12:03:38.000Z",
      "manageableState": "unmanaged",
      "type": "ApexClass"
    },
    {
      "createdById": "0055h000009l1YNAAY",
      "createdByName": "Manoj Kumar",
      "createdDate": "2023-09-16T03:54:52.000Z",
      "fileName": "classes/TestLightningConnectQuickstart.cls",
      "fullName": "TestLightningConnectQuickstart",
      "id": "01p5h00000ShOgJAAV",
      "lastModifiedById": "0055h000009l1YNAAY",
      "lastModifiedByName": "Manoj Kumar",
      "lastModifiedDate": "2023-09-16T03:54:52.000Z",
      "manageableState": "unmanaged",
      "type": "ApexClass"
    },
    {
      "createdById": "0055h000009l1YNAAY",
      "createdByName": "Manoj Kumar",
      "createdDate": "2023-10-18T12:14:39.000Z",
      "fileName": "classes/SiteRegisterControllerTest.cls",
      "fullName": "SiteRegisterControllerTest",
      "id": "01p5h00000UCgfRAAT",
      "lastModifiedById": "0055h000009l1YNAAY",
      "lastModifiedByName": "Manoj Kumar",
      "lastModifiedDate": "2023-10-18T12:14:39.000Z",
      "manageableState": "unmanaged",
      "type": "ApexClass"
    },
    {
      "createdById": "0055h000009l1YNAAY",
      "createdByName": "Manoj Kumar",
      "createdDate": "2023-12-19T06:52:36.000Z",
      "fileName": "classes/DataFetcher.cls",
      "fullName": "DataFetcher",
      "id": "01p5h00000XQqwkAAD",
      "lastModifiedById": "0055h000009l1YNAAY",
      "lastModifiedByName": "Manoj Kumar",
      "lastModifiedDate": "2023-12-19T06:52:36.000Z",
      "manageableState": "unmanaged",
      "type": "ApexClass"
    },
    {
      "createdById": "0055h000009l1YNAAY",
      "createdByName": "Manoj Kumar",
      "createdDate": "2023-10-04T10:50:53.000Z",
      "fileName": "classes/LCDemoWrapper.cls",
      "fullName": "LCDemoWrapper",
      "id": "01p5h00000TGwMlAAL",
      "lastModifiedById": "0055h000009l1YNAAY",
      "lastModifiedByName": "Manoj Kumar",
      "lastModifiedDate": "2023-10-04T10:53:24.000Z",
      "manageableState": "unmanaged",
      "type": "ApexClass"
    },
    {
      "createdById": "0055h000009l1YNAAY",
      "createdByName": "Manoj Kumar",
      "createdDate": "2023-11-04T12:26:16.000Z",
      "fileName": "classes/Finding.cls",
      "fullName": "Finding",
      "id": "01p5h00000Uz0WJAAZ",
      "lastModifiedById": "0055h000009l1YNAAY",
      "lastModifiedByName": "Manoj Kumar",
      "lastModifiedDate": "2023-11-10T07:41:04.000Z",
      "manageableState": "unmanaged",
      "type": "ApexClass"
    },
    {
      "createdById": "0055h000009l1YNAAY",
      "createdByName": "Manoj Kumar",
      "createdDate": "2024-07-23T14:08:04.000Z",
      "fileName": "classes/HttpHelper.cls",
      "fullName": "HttpHelper",
      "id": "01pJ2000000srpcIAA",
      "lastModifiedById": "0055h000009l1YNAAY",
      "lastModifiedByName": "Manoj Kumar",
      "lastModifiedDate": "2024-07-23T14:39:53.000Z",
      "manageableState": "unmanaged",
      "type": "ApexClass"
    },
    {
      "createdById": "0055h000009l1YNAAY",
      "createdByName": "Manoj Kumar",
      "createdDate": "2023-09-19T10:31:33.000Z",
      "fileName": "classes/MassManager__MassEditController.cls",
      "fullName": "MassManager__MassEditController",
      "id": "01p5h00000SjSZRAA3",
      "lastModifiedById": "0055h000009l1YNAAY",
      "lastModifiedByName": "Manoj Kumar",
      "lastModifiedDate": "2023-09-19T10:31:33.000Z",
      "manageableState": "installed",
      "namespacePrefix": "MassManager",
      "type": "ApexClass"
    },
    {
      "createdById": "0055h000009l1YNAAY",
      "createdByName": "Manoj Kumar",
      "createdDate": "2024-05-23T06:39:58.000Z",
      "fileName": "classes/TravelNoticeController.cls",
      "fullName": "TravelNoticeController",
      "id": "01pJ2000000samAIAQ",
      "lastModifiedById": "0055h000009l1YNAAY",
      "lastModifiedByName": "Manoj Kumar",
      "lastModifiedDate": "2024-09-12T09:16:50.000Z",
      "manageableState": "unmanaged",
      "type": "ApexClass"
    },
    {
      "createdById": "0055h000009l1YNAAY",
      "createdByName": "Manoj Kumar",
      "createdDate": "2024-03-26T11:49:30.000Z",
      "fileName": "classes/CFCUQueueable.cls",
      "fullName": "CFCUQueueable",
      "id": "01p5h00000ZuSffAAF",
      "lastModifiedById": "0055h000009l1YNAAY",
      "lastModifiedByName": "Manoj Kumar",
      "lastModifiedDate": "2024-03-26T13:06:20.000Z",
      "manageableState": "unmanaged",
      "type": "ApexClass"
    },
    {
      "createdById": "0055h000009l1YNAAY",
      "createdByName": "Manoj Kumar",
      "createdDate": "2023-11-10T07:28:14.000Z",
      "fileName": "classes/FindingTest.cls",
      "fullName": "FindingTest",
      "id": "01p5h00000VP0NTAA1",
      "lastModifiedById": "0055h000009l1YNAAY",
      "lastModifiedByName": "Manoj Kumar",
      "lastModifiedDate": "2023-11-10T07:42:14.000Z",
      "manageableState": "unmanaged",
      "type": "ApexClass"
    },
    {
      "createdById": "0055h000009l1YNAAY",
      "createdByName": "Manoj Kumar",
      "createdDate": "2023-09-26T12:19:33.000Z",
      "fileName": "classes/APIGetdataTest.cls",
      "fullName": "APIGetdataTest",
      "id": "01p5h00000T5rzRAAR",
      "lastModifiedById": "0055h000009l1YNAAY",
      "lastModifiedByName": "Manoj Kumar",
      "lastModifiedDate": "2023-09-26T12:40:32.000Z",
      "manageableState": "unmanaged",
      "type": "ApexClass"
    },
    {
      "createdById": "0055h000009l1YNAAY",
      "createdByName": "Manoj Kumar",
      "createdDate": "2024-04-10T15:04:48.000Z",
      "fileName": "classes/SalesforceIntegration.cls",
      "fullName": "SalesforceIntegration",
      "id": "01p5h00000Zug39AAB",
      "lastModifiedById": "0055h000009l1YNAAY",
      "lastModifiedByName": "Manoj Kumar",
      "lastModifiedDate": "2024-04-30T11:53:12.000Z",
      "manageableState": "unmanaged",
      "type": "ApexClass"
    },
    {
      "createdById": "0055h000009l1YNAAY",
      "createdByName": "Manoj Kumar",
      "createdDate": "2024-06-11T14:04:53.000Z",
      "fileName": "classes/OrderController.cls",
      "fullName": "OrderController",
      "id": "01pJ2000000sdeJIAQ",
      "lastModifiedById": "0055h000009l1YNAAY",
      "lastModifiedByName": "Manoj Kumar",
      "lastModifiedDate": "2024-09-04T09:35:11.000Z",
      "manageableState": "unmanaged",
      "type": "ApexClass"
    },
    {
      "createdById": "0055h000009l1YNAAY",
      "createdByName": "Manoj Kumar",
      "createdDate": "2023-10-18T12:14:39.000Z",
      "fileName": "classes/SiteLoginControllerTest.cls",
      "fullName": "SiteLoginControllerTest",
      "id": "01p5h00000UCgfPAAT",
      "lastModifiedById": "0055h000009l1YNAAY",
      "lastModifiedByName": "Manoj Kumar",
      "lastModifiedDate": "2023-10-18T12:14:39.000Z",
      "manageableState": "unmanaged",
      "type": "ApexClass"
    },
    {
      "createdById": "0055h000009l1YNAAY",
      "createdByName": "Manoj Kumar",
      "createdDate": "2023-11-01T10:05:23.000Z",
      "fileName": "classes/Testapex.cls",
      "fullName": "Testapex",
      "id": "01p5h00000UwQ0NAAV",
      "lastModifiedById": "0055h000009l1YNAAY",
      "lastModifiedByName": "Manoj Kumar",
      "lastModifiedDate": "2023-11-01T10:22:06.000Z",
      "manageableState": "unmanaged",
      "type": "ApexClass"
    },
    {
      "createdById": "0055h000009l1YNAAY",
      "createdByName": "Manoj Kumar",
      "createdDate": "2023-10-18T12:14:39.000Z",
      "fileName": "classes/MyProfilePageController.cls",
      "fullName": "MyProfilePageController",
      "id": "01p5h00000UCgfWAAT",
      "lastModifiedById": "0055h000009l1YNAAY",
      "lastModifiedByName": "Manoj Kumar",
      "lastModifiedDate": "2023-10-18T12:14:39.000Z",
      "manageableState": "unmanaged",
      "type": "ApexClass"
    },
    {
      "createdById": "0055h000009l1YNAAY",
      "createdByName": "Manoj Kumar",
      "createdDate": "2023-12-19T07:10:41.000Z",
      "fileName": "classes/ExternalDataInterface.cls",
      "fullName": "ExternalDataInterface",
      "id": "01p5h00000XQtHCAA1",
      "lastModifiedById": "0055h000009l1YNAAY",
      "lastModifiedByName": "Manoj Kumar",
      "lastModifiedDate": "2023-12-19T11:01:54.000Z",
      "manageableState": "unmanaged",
      "type": "ApexClass"
    },
    {
      "createdById": "0055h000009l1YNAAY",
      "createdByName": "Manoj Kumar",
      "createdDate": "2023-09-26T10:30:27.000Z",
      "fileName": "classes/DataUpdate.cls",
      "fullName": "DataUpdate",
      "id": "01p5h00000T5pJ6AAJ",
      "lastModifiedById": "0055h000009l1YNAAY",
      "lastModifiedByName": "Manoj Kumar",
      "lastModifiedDate": "2023-09-26T11:26:21.000Z",
      "manageableState": "unmanaged",
      "type": "ApexClass"
    },
    {
      "createdById": "0055h000009l1YNAAY",
      "createdByName": "Manoj Kumar",
      "createdDate": "2024-09-05T12:13:23.000Z",
      "fileName": "classes/PayCreditCardHandler.cls",
      "fullName": "PayCreditCardHandler",
      "id": "01pJ2000000swQfIAI",
      "lastModifiedById": "0055h000009l1YNAAY",
      "lastModifiedByName": "Manoj Kumar",
      "lastModifiedDate": "2024-09-19T11:56:41.000Z",
      "manageableState": "unmanaged",
      "type": "ApexClass"
    },
    {
      "createdById": "0055h000009l1YNAAY",
      "createdByName": "Manoj Kumar",
      "createdDate": "2023-10-22T14:41:16.000Z",
      "fileName": "classes/TestBankAccountInsert.cls",
      "fullName": "TestBankAccountInsert",
      "id": "01p5h00000URAq9AAH",
      "lastModifiedById": "0055h000009l1YNAAY",
      "lastModifiedByName": "Manoj Kumar",
      "lastModifiedDate": "2023-10-22T14:58:25.000Z",
      "manageableState": "unmanaged",
      "type": "ApexClass"
    },
    {
      "createdById": "0055h000009l1YNAAY",
      "createdByName": "Manoj Kumar",
      "createdDate": "2023-09-19T10:31:33.000Z",
      "fileName": "classes/MassManager__ActionHubPostInstall.cls",
      "fullName": "MassManager__ActionHubPostInstall",
      "id": "01p5h00000SjSZIAA3",
      "lastModifiedById": "0055h000009l1YNAAY",
      "lastModifiedByName": "Manoj Kumar",
      "lastModifiedDate": "2023-09-19T10:31:33.000Z",
      "manageableState": "installed",
      "namespacePrefix": "MassManager",
      "type": "ApexClass"
    },
    {
      "createdById": "0055h000009l1YNAAY",
      "createdByName": "Manoj Kumar",
      "createdDate": "2024-03-06T14:00:33.000Z",
      "fileName": "classes/ScheduleMetadataUpdate.cls",
      "fullName": "ScheduleMetadataUpdate",
      "id": "01p5h00000Zu3a7AAB",
      "lastModifiedById": "0055h000009l1YNAAY",
      "lastModifiedByName": "Manoj Kumar",
      "lastModifiedDate": "2024-03-06T14:15:34.000Z",
      "manageableState": "unmanaged",
      "type": "ApexClass"
    }
  ]
}