{
  "status": 0,
  "result": [
    {
      "createdById": "0055h000009l1YNAAY",
      "createdByName": "Manoj Kumar",
      "createdDate": "2023-09-27T12:24:03.000Z",
      "fileName": "connectedApps/ConnectionAPP.connectedApp",
      "fullName": "ConnectionAPP",
      "id": "09H5h000000R0VMEA0",
      "lastModifiedById": "0055h000009l1YNAAY",
      "lastModifiedByName": "Manoj Kumar",
      "lastModifiedDate": "2023-12-11T12:13:13.000Z",
      "type": "ConnectedApp"
    },
    {
      "createdById": "0055h000009l1YNAAY",
      "createdByName": "Manoj Kumar",
      "createdDate": "2024-01-05T05:07:02.000Z",
      "fileName": "connectedApps/Gmail_Link.connectedApp",
      "fullName": "Gmail_Link",
      "id": "09H5h000000IY7AEAW",
      "lastModifiedById": "0055h000009l1YNAAY",
      "lastModifiedByName": "Manoj Kumar",
      "lastModifiedDate": "2024-01-05T05:16:31.000Z",
      "type": "ConnectedApp"
    },
    {
      "createdById": "0055h000009l1YNAAY",
      "createdByName": "Manoj Kumar",
      "createdDate": "2024-01-08T11:59:59.000Z",
      "fileName": "connectedApps/Salesforce_Bank.connectedApp",
      "fullName": "Salesforce_Bank",
      "id": "09H5h000000IZMrEAO",
      "lastModifiedById": "0055h000009l1YNAAY",
      "lastModifiedByName": "Manoj Kumar",
      "lastModifiedDate": "2024-01-08T11:59:59.000Z",
      "type": "ConnectedApp"
    },
    {
      "createdById": "0055h000009l1YNAAY",
      "createdByName": "Manoj Kumar",
      "createdDate": "2023-12-11T11:46:39.000Z",
      "fileName": "connectedApps/PostmanConnectedAPP.connectedApp",
      "fullName": "PostmanConnectedAPP",
      "id": "09H5h000000IQAXEA4",
      "lastModifiedById": "0055h000009l1YNAAY",
      "lastModifiedByName": "Manoj Kumar",
      "lastModifiedDate": "2023-12-11T12:38:41.000Z",
      "type": "ConnectedApp"
    },
    {
      "createdById": "0055h000009l1YNAAY",
      "createdByName": "Manoj Kumar",
      "createdDate": "2023-09-29T08:34:52.000Z",
      "fileName": "connectedApps/NewConnectionapp.connectedApp",
      "fullName": "NewConnectionapp",
      "id": "09H5h000000R10CEAS",
      "lastModifiedById": "0055h000009l1YNAAY",
      "lastModifiedByName": "Manoj Kumar",
      "lastModifiedDate": "2023-09-29T08:34:52.000Z",
      "type": "ConnectedApp"
    }
  ]
}