{
  "status": 0,
  "result": [
    {
      "createdById": "0055h000009l1YNAAY",
      "createdByName": "Manoj Kumar",
      "createdDate": "2023-09-19T08:52:11.000Z",
      "fileName": "dashboards/DataQualityAnalysis",
      "fullName": "DataQualityAnalysis",
      "id": "00l5h000000cSjbAAE",
      "lastModifiedById": "0055h000009l1YNAAY",
      "lastModifiedByName": "Manoj Kumar",
      "lastModifiedDate": "2023-09-19T08:52:11.000Z",
      "manageableState": "unmanaged",
      "type": "DashboardFolder"
    }
  ]
}