{
  "status": 0,
  "result": [
    {
      "createdById": "0055h000009l1YNAAY",
      "createdByName": "Manoj Kumar",
      "createdDate": "2023-09-18T06:52:20.000Z",
      "fileName": "flowDefinitions/Auto_create_Child_Case_Record.flowDefinition",
      "fullName": "Auto_create_Child_Case_Record",
      "id": "3005h000000MJYMAA4",
      "lastModifiedById": "0055h000009l1YNAAY",
      "lastModifiedByName": "Manoj Kumar",
      "lastModifiedDate": "2023-09-25T17:53:14.000Z",
      "manageableState": "unmanaged",
      "type": "FlowDefinition"
    },
    {
      "createdById": "0055h000009l1YNAAY",
      "createdByName": "Manoj Kumar",
      "createdDate": "2023-11-13T10:43:07.000Z",
      "fileName": "flowDefinitions/TaskEmailRemainder.flowDefinition",
      "fullName": "TaskEmailRemainder",
      "id": "3005h000000iel0AAA",
      "lastModifiedById": "0055h000009l1YNAAY",
      "lastModifiedByName": "Manoj Kumar",
      "lastModifiedDate": "2024-03-28T06:53:12.000Z",
      "manageableState": "unmanaged",
      "type": "FlowDefinition"
    },
    {
      "createdById": "0055h000009l1YNAAY",
      "createdByName": "Manoj Kumar",
      "createdDate": "2023-10-11T11:42:56.000Z",
      "fileName": "flowDefinitions/Publish_Account_Creation_Event.flowDefinition",
      "fullName": "Publish_Account_Creation_Event",
      "id": "3005h000000NMooAAG",
      "lastModifiedById": "0055h000009l1YNAAY",
      "lastModifiedByName": "Manoj Kumar",
      "lastModifiedDate": "2023-10-11T11:50:35.000Z",
      "manageableState": "unmanaged",
      "type": "FlowDefinition"
    },
    {
      "createdById": "0055h000009l1YNAAY",
      "createdByName": "Manoj Kumar",
      "createdDate": "2023-09-30T11:13:17.000Z",
      "fileName": "flowDefinitions/FeedBack_Form.flowDefinition",
      "fullName": "FeedBack_Form",
      "id": "3005h000000Mp2GAAS",
      "lastModifiedById": "0055h000009l1YNAAY",
      "lastModifiedByName": "Manoj Kumar",
      "lastModifiedDate": "2023-10-12T05:27:37.000Z",
      "manageableState": "unmanaged",
      "type": "FlowDefinition"
    },
    {
      "createdById": "0055h000009l1YNAAY",
      "createdByName": "Manoj Kumar",
      "createdDate": "2023-10-03T12:50:28.000Z",
      "fileName": "flowDefinitions/Error_Flow_Log.flowDefinition",
      "fullName": "Error_Flow_Log",
      "id": "3005h000000MwimAAC",
      "lastModifiedById": "0055h000009l1YNAAY",
      "lastModifiedByName": "Manoj Kumar",
      "lastModifiedDate": "2023-10-03T12:50:31.000Z",
      "manageableState": "unmanaged",
      "type": "FlowDefinition"
    },
    {
      "createdById": "0055h000009l1YNAAY",
      "createdByName": "Manoj Kumar",
      "createdDate": "2023-11-01T10:15:13.000Z",
      "fileName": "flowDefinitions/Case_Progress_Generation.flowDefinition",
      "fullName": "Case_Progress_Generation",
      "id": "3005h000000i9AxAAI",
      "lastModifiedById": "0055h000009l1YNAAY",
      "lastModifiedByName": "Manoj Kumar",
      "lastModifiedDate": "2023-11-01T10:15:15.000Z",
      "manageableState": "unmanaged",
      "type": "FlowDefinition"
    },
    {
      "createdById": "0055h000009l1YNAAY",
      "createdByName": "Manoj Kumar",
      "createdDate": "2024-02-22T06:54:49.000Z",
      "fileName": "flowDefinitions/UPC_Flow_New.flowDefinition",
      "fullName": "UPC_Flow_New",
      "id": "3005h000001Ma4lAAC",
      "lastModifiedById": "0055h000009l1YNAAY",
      "lastModifiedByName": "Manoj Kumar",
      "lastModifiedDate": "2024-02-26T13:54:48.000Z",
      "manageableState": "unmanaged",
      "type": "FlowDefinition"
    },
    {
      "createdById": "0055h000009l1YNAAY",
      "createdByName": "Manoj Kumar",
      "createdDate": "2023-11-01T10:15:16.000Z",
      "fileName": "flowDefinitions/Loan_Review.flowDefinition",
      "fullName": "Loan_Review",
      "id": "3005h000000i9AzAAI",
      "lastModifiedById": "0055h000009l1YNAAY",
      "lastModifiedByName": "Manoj Kumar",
      "lastModifiedDate": "2023-11-01T10:15:16.000Z",
      "manageableState": "unmanaged",
      "type": "FlowDefinition"
    },
    {
      "createdById": "0055h000009l1YNAAY",
      "createdByName": "Manoj Kumar",
      "createdDate": "2024-05-31T13:44:36.000Z",
      "fileName": "flowDefinitions/Create_Case_From_Account.flowDefinition",
      "fullName": "Create_Case_From_Account",
      "id": "300J2000000oOxrIAE",
      "lastModifiedById": "0055h000009l1YNAAY",
      "lastModifiedByName": "Manoj Kumar",
      "lastModifiedDate": "2024-07-03T09:10:45.000Z",
      "manageableState": "unmanaged",
      "type": "FlowDefinition"
    },
    {
      "createdById": "0055h000009l1YNAAY",
      "createdByName": "Manoj Kumar",
      "createdDate": "2023-09-18T09:44:31.000Z",
      "fileName": "flowDefinitions/Send_Welcome_Email.flowDefinition",
      "fullName": "Send_Welcome_Email",
      "id": "3005h000000MJviAAG",
      "lastModifiedById": "0055h000009l1YNAAY",
      "lastModifiedByName": "Manoj Kumar",
      "lastModifiedDate": "2023-09-20T08:52:03.000Z",
      "manageableState": "unmanaged",
      "type": "FlowDefinition"
    },
    {
      "createdById": "0055h000009l1YNAAY",
      "createdByName": "Manoj Kumar",
      "createdDate": "2023-10-17T08:24:36.000Z",
      "fileName": "flowDefinitions/Update_Account.flowDefinition",
      "fullName": "Update_Account",
      "id": "3005h000000NjMRAA0",
      "lastModifiedById": "0055h000009l1YNAAY",
      "lastModifiedByName": "Manoj Kumar",
      "lastModifiedDate": "2023-10-17T08:40:49.000Z",
      "manageableState": "unmanaged",
      "type": "FlowDefinition"
    },
    {
      "createdById": "0055h000009l1YNAAY",
      "createdByName": "Manoj Kumar",
      "createdDate": "2024-02-08T09:34:53.000Z",
      "fileName": "flowDefinitions/Servicenowflow.flowDefinition",
      "fullName": "Servicenowflow",
      "id": "3005h000001MYtMAAW",
      "lastModifiedById": "0055h000009l1YNAAY",
      "lastModifiedByName": "Manoj Kumar",
      "lastModifiedDate": "2024-02-08T09:34:54.000Z",
      "manageableState": "unmanaged",
      "type": "FlowDefinition"
    },
    {
      "createdById": "0055h000009l1YNAAY",
      "createdByName": "Manoj Kumar",
      "createdDate": "2024-04-29T10:37:15.000Z",
      "fileName": "flowDefinitions/delete_cases.flowDefinition",
      "fullName": "delete_cases",
      "id": "3005h000001MedPAAS",
      "lastModifiedById": "0055h000009l1YNAAY",
      "lastModifiedByName": "Manoj Kumar",
      "lastModifiedDate": "2024-04-29T10:40:47.000Z",
      "manageableState": "unmanaged",
      "type": "FlowDefinition"
    },
    {
      "createdById": "0055h000009l1YNAAY",
      "createdByName": "Manoj Kumar",
      "createdDate": "2024-03-28T06:35:59.000Z",
      "fileName": "flowDefinitions/Case_Creation_CFCU.flowDefinition",
      "fullName": "Case_Creation_CFCU",
      "id": "3005h000001MdVNAA0",
      "lastModifiedById": "0055h000009l1YNAAY",
      "lastModifiedByName": "Manoj Kumar",
      "lastModifiedDate": "2024-05-14T07:03:03.000Z",
      "manageableState": "unmanaged",
      "type": "FlowDefinition"
    },
    {
      "createdById": "0055h000009l1YNAAY",
      "createdByName": "Manoj Kumar",
      "createdDate": "2024-06-06T15:47:02.000Z",
      "fileName": "flowDefinitions/Case_Creation_and_Travel_Notice.flowDefinition",
      "fullName": "Case_Creation_and_Travel_Notice",
      "id": "300J2000000oP4JIAU",
      "lastModifiedById": "0055h000009l1YNAAY",
      "lastModifiedByName": "Manoj Kumar",
      "lastModifiedDate": "2024-06-07T08:30:47.000Z",
      "manageableState": "unmanaged",
      "type": "FlowDefinition"
    },
    {
      "createdById": "0055h000009l1YNAAY",
      "createdByName": "Manoj Kumar",
      "createdDate": "2024-03-06T13:20:52.000Z",
      "fileName": "flowDefinitions/Update_CMDT_Value.flowDefinition",
      "fullName": "Update_CMDT_Value",
      "id": "3005h000001MbNTAA0",
      "lastModifiedById": "0055h000009l1YNAAY",
      "lastModifiedByName": "Manoj Kumar",
      "lastModifiedDate": "2024-03-06T13:20:52.000Z",
      "manageableState": "unmanaged",
      "type": "FlowDefinition"
    },
    {
      "createdById": "0055h000009l1YNAAY",
      "createdByName": "Manoj Kumar",
      "createdDate": "2023-11-14T06:07:38.000Z",
      "fileName": "flowDefinitions/SendCustomNotification.flowDefinition",
      "fullName": "SendCustomNotification",
      "id": "3005h000000igfcAAA",
      "lastModifiedById": "0055h000009l1YNAAY",
      "lastModifiedByName": "Manoj Kumar",
      "lastModifiedDate": "2024-03-28T06:52:56.000Z",
      "manageableState": "unmanaged",
      "type": "FlowDefinition"
    },
    {
      "createdById": "0055h000009l1YNAAY",
      "createdByName": "Manoj Kumar",
      "createdDate": "2023-09-18T10:55:53.000Z",
      "fileName": "flowDefinitions/New_instructor_Actions.flowDefinition",
      "fullName": "New_instructor_Actions",
      "id": "3005h000000MKG0AAO",
      "lastModifiedById": "0055h000009l1YNAAY",
      "lastModifiedByName": "Manoj Kumar",
      "lastModifiedDate": "2023-09-18T11:02:34.000Z",
      "manageableState": "unmanaged",
      "type": "FlowDefinition"
    },
    {
      "createdById": "0055h000009l1YNAAY",
      "createdByName": "Manoj Kumar",
      "createdDate": "2023-11-01T10:15:16.000Z",
      "fileName": "flowDefinitions/Update_Progress_Field.flowDefinition",
      "fullName": "Update_Progress_Field",
      "id": "3005h000000i9B1AAI",
      "lastModifiedById": "0055h000009l1YNAAY",
      "lastModifiedByName": "Manoj Kumar",
      "lastModifiedDate": "2023-11-01T10:15:16.000Z",
      "manageableState": "unmanaged",
      "type": "FlowDefinition"
    },
    {
      "createdById": "0055h000009l1YNAAY",
      "createdByName": "Manoj Kumar",
      "createdDate": "2024-03-06T12:54:27.000Z",
      "fileName": "flowDefinitions/CMT_Update_based_on_month.flowDefinition",
      "fullName": "CMT_Update_based_on_month",
      "id": "3005h000001MbNOAA0",
      "lastModifiedById": "0055h000009l1YNAAY",
      "lastModifiedByName": "Manoj Kumar",
      "lastModifiedDate": "2024-03-06T13:15:44.000Z",
      "manageableState": "unmanaged",
      "type": "FlowDefinition"
    },
    {
      "createdById": "0055h000009l1YNAAY",
      "createdByName": "Manoj Kumar",
      "createdDate": "2023-12-26T12:19:40.000Z",
      "fileName": "flowDefinitions/Approve_Bank_Account.flowDefinition",
      "fullName": "Approve_Bank_Account",
      "id": "3005h000001K1gSAAS",
      "lastModifiedById": "0055h000009l1YNAAY",
      "lastModifiedByName": "Manoj Kumar",
      "lastModifiedDate": "2023-12-27T12:11:42.000Z",
      "manageableState": "unmanaged",
      "type": "FlowDefinition"
    },
    {
      "createdById": "0055h000009l1YNAAY",
      "createdByName": "Manoj Kumar",
      "createdDate": "2023-09-18T11:16:51.000Z",
      "fileName": "flowDefinitions/Post_to_Chatter_for_Closed_Won.flowDefinition",
      "fullName": "Post_to_Chatter_for_Closed_Won",
      "id": "3005h000000MKIQAA4",
      "lastModifiedById": "0055h000009l1YNAAY",
      "lastModifiedByName": "Manoj Kumar",
      "lastModifiedDate": "2023-09-18T11:29:24.000Z",
      "manageableState": "unmanaged",
      "type": "FlowDefinition"
    },
    {
      "createdById": "0055h000009l1YNAAY",
      "createdByName": "Manoj Kumar",
      "createdDate": "2023-11-01T10:15:17.000Z",
      "fileName": "flowDefinitions/Task_Subject.flowDefinition",
      "fullName": "Task_Subject",
      "id": "3005h000000i9B2AAI",
      "lastModifiedById": "0055h000009l1YNAAY",
      "lastModifiedByName": "Manoj Kumar",
      "lastModifiedDate": "2023-11-01T10:15:19.000Z",
      "manageableState": "unmanaged",
      "type": "FlowDefinition"
    },
    {
      "createdById": "0055h000009l1YNAAY",
      "createdByName": "Manoj Kumar",
      "createdDate": "2023-11-01T10:15:15.000Z",
      "fileName": "flowDefinitions/Clone_Opportunity_with_Related_Records.flowDefinition",
      "fullName": "Clone_Opportunity_with_Related_Records",
      "id": "3005h000000i9AyAAI",
      "lastModifiedById": "0055h000009l1YNAAY",
      "lastModifiedByName": "Manoj Kumar",
      "lastModifiedDate": "2023-11-01T10:15:15.000Z",
      "manageableState": "unmanaged",
      "type": "FlowDefinition"
    },
    {
      "createdById": "0055h000009l1YNAAY",
      "createdByName": "Manoj Kumar",
      "createdDate": "2023-09-18T09:33:11.000Z",
      "fileName": "flowDefinitions/Update_Department_Description.flowDefinition",
      "fullName": "Update_Department_Description",
      "id": "3005h000000MJvTAAW",
      "lastModifiedById": "0055h000009l1YNAAY",
      "lastModifiedByName": "Manoj Kumar",
      "lastModifiedDate": "2023-09-18T09:43:15.000Z",
      "manageableState": "unmanaged",
      "type": "FlowDefinition"
    },
    {
      "createdById": "0055h000009l1YNAAY",
      "createdByName": "Manoj Kumar",
      "createdDate": "2024-07-03T08:58:02.000Z",
      "fileName": "flowDefinitions/Create_Automation_Analytics.flowDefinition",
      "fullName": "Create_Automation_Analytics",
      "id": "300J2000000oPcWIAU",
      "lastModifiedById": "0055h000009l1YNAAY",
      "lastModifiedByName": "Manoj Kumar",
      "lastModifiedDate": "2024-07-03T08:58:06.000Z",
      "manageableState": "unmanaged",
      "type": "FlowDefinition"
    },
    {
      "createdById": "0055h000009l1YNAAY",
      "createdByName": "Manoj Kumar",
      "createdDate": "2023-10-03T10:37:47.000Z",
      "fileName": "flowDefinitions/Account_Rating_Update.flowDefinition",
      "fullName": "Account_Rating_Update",
      "id": "3005h000000MwSZAA0",
      "lastModifiedById": "0055h000009l1YNAAY",
      "lastModifiedByName": "Manoj Kumar",
      "lastModifiedDate": "2023-10-03T11:59:17.000Z",
      "manageableState": "unmanaged",
      "type": "FlowDefinition"
    },
    {
      "createdById": "0055h000009l1YNAAY",
      "createdByName": "Manoj Kumar",
      "createdDate": "2024-02-19T09:08:03.000Z",
      "fileName": "flowDefinitions/UPC_Flow.flowDefinition",
      "fullName": "UPC_Flow",
      "id": "3005h000001MZbNAAW",
      "lastModifiedById": "0055h000009l1YNAAY",
      "lastModifiedByName": "Manoj Kumar",
      "lastModifiedDate": "2024-02-22T07:11:10.000Z",
      "manageableState": "unmanaged",
      "type": "FlowDefinition"
    },
    {
      "createdById": "0055h000009l1YNAAY",
      "createdByName": "Manoj Kumar",
      "createdDate": "2023-09-18T09:58:18.000Z",
      "fileName": "flowDefinitions/Auto_Submit_Approval_Process.flowDefinition",
      "fullName": "Auto_Submit_Approval_Process",
      "id": "3005h000000MJw2AAG",
      "lastModifiedById": "0055h000009l1YNAAY",
      "lastModifiedByName": "Manoj Kumar",
      "lastModifiedDate": "2023-09-20T08:50:28.000Z",
      "manageableState": "unmanaged",
      "type": "FlowDefinition"
    },
    {
      "createdById": "0055h000009l1YNAAY",
      "createdByName": "Manoj Kumar",
      "createdDate": "2023-11-01T10:15:17.000Z",
      "fileName": "flowDefinitions/Task_from_flow.flowDefinition",
      "fullName": "Task_from_flow",
      "id": "3005h000000i9B3AAI",
      "lastModifiedById": "0055h000009l1YNAAY",
      "lastModifiedByName": "Manoj Kumar",
      "lastModifiedDate": "2023-11-01T10:15:20.000Z",
      "manageableState": "unmanaged",
      "type": "FlowDefinition"
    },
    {
      "createdById": "0055h000009l1YNAAY",
      "createdByName": "Manoj Kumar",
      "createdDate": "2023-10-03T09:05:56.000Z",
      "fileName": "flowDefinitions/send_email_for_working_cases.flowDefinition",
      "fullName": "send_email_for_working_cases",
      "id": "3005h000000MwDhAAK",
      "lastModifiedById": "0055h000009l1YNAAY",
      "lastModifiedByName": "Manoj Kumar",
      "lastModifiedDate": "2023-11-13T09:31:02.000Z",
      "manageableState": "unmanaged",
      "type": "FlowDefinition"
    },
    {
      "createdById": "0055h000009l1YNAAY",
      "createdByName": "Manoj Kumar",
      "createdDate": "2023-10-03T07:52:32.000Z",
      "fileName": "flowDefinitions/DeleteRecords.flowDefinition",
      "fullName": "DeleteRecords",
      "id": "3005h000000Mw7pAAC",
      "lastModifiedById": "0055h000009l1YNAAY",
      "lastModifiedByName": "Manoj Kumar",
      "lastModifiedDate": "2023-10-03T07:58:21.000Z",
      "manageableState": "unmanaged",
      "type": "FlowDefinition"
    },
    {
      "createdById": "0055h000009l1YNAAY",
      "createdByName": "Manoj Kumar",
      "createdDate": "2023-11-01T10:15:16.000Z",
      "fileName": "flowDefinitions/Progress_Generation.flowDefinition",
      "fullName": "Progress_Generation",
      "id": "3005h000000i9B0AAI",
      "lastModifiedById": "0055h000009l1YNAAY",
      "lastModifiedByName": "Manoj Kumar",
      "lastModifiedDate": "2023-11-01T10:15:16.000Z",
      "manageableState": "unmanaged",
      "type": "FlowDefinition"
    },
    {
      "createdById": "0055h000009l1YNAAY",
      "createdByName": "Manoj Kumar",
      "createdDate": "2023-10-03T07:37:25.000Z",
      "fileName": "flowDefinitions/DeleteRecord.flowDefinition",
      "fullName": "DeleteRecord",
      "id": "3005h000000MvzLAAS",
      "lastModifiedById": "0055h000009l1YNAAY",
      "lastModifiedByName": "Manoj Kumar",
      "lastModifiedDate": "2023-10-03T07:51:05.000Z",
      "manageableState": "unmanaged",
      "type": "FlowDefinition"
    },
    {
      "createdById": "0055h000009l1YNAAY",
      "createdByName": "Manoj Kumar",
      "createdDate": "2023-10-03T07:43:13.000Z",
      "fileName": "flowDefinitions/Delete_Record.flowDefinition",
      "fullName": "Delete_Record",
      "id": "3005h000000Mw2KAAS",
      "lastModifiedById": "0055h000009l1YNAAY",
      "lastModifiedByName": "Manoj Kumar",
      "lastModifiedDate": "2023-10-12T05:54:23.000Z",
      "manageableState": "unmanaged",
      "type": "FlowDefinition"
    },
    {
      "createdById": "0055h000009l1YNAAY",
      "createdByName": "Manoj Kumar",
      "createdDate": "2024-02-22T10:30:30.000Z",
      "fileName": "flowDefinitions/UPC_Flow_with_Description_Fixed.flowDefinition",
      "fullName": "UPC_Flow_with_Description_Fixed",
      "id": "3005h000001Ma5KAAS",
      "lastModifiedById": "0055h000009l1YNAAY",
      "lastModifiedByName": "Manoj Kumar",
      "lastModifiedDate": "2024-02-22T12:03:40.000Z",
      "manageableState": "unmanaged",
      "type": "FlowDefinition"
    },
    {
      "createdById": "0055h000009l1YNAAY",
      "createdByName": "Manoj Kumar",
      "createdDate": "2023-09-18T09:21:42.000Z",
      "fileName": "flowDefinitions/Update_Oppurtunites_on_Account_closed_lost_when_account_is_deactived.flowDefinition",
      "fullName": "Update_Oppurtunites_on_Account_closed_lost_when_account_is_deactived",
      "id": "3005h000000MJvEAAW",
      "lastModifiedById": "0055h000009l1YNAAY",
      "lastModifiedByName": "Manoj Kumar",
      "lastModifiedDate": "2023-09-18T09:27:38.000Z",
      "manageableState": "unmanaged",
      "type": "FlowDefinition"
    },
    {
      "createdById": "0055h000009l1YNAAY",
      "createdByName": "Manoj Kumar",
      "createdDate": "2023-10-22T10:55:46.000Z",
      "fileName": "flowDefinitions/Bank_Account_Flow.flowDefinition",
      "fullName": "Bank_Account_Flow",
      "id": "3005h000000hb4dAAA",
      "lastModifiedById": "0055h000009l1YNAAY",
      "lastModifiedByName": "Manoj Kumar",
      "lastModifiedDate": "2023-10-22T11:53:13.000Z",
      "manageableState": "unmanaged",
      "type": "FlowDefinition"
    },
    {
      "createdById": "0055h000009l1YNAAY",
      "createdByName": "Manoj Kumar",
      "createdDate": "2023-09-30T10:02:08.000Z",
      "fileName": "flowDefinitions/ExtraCaricullar_Flow.flowDefinition",
      "fullName": "ExtraCaricullar_Flow",
      "id": "3005h000000MoneAAC",
      "lastModifiedById": "0055h000009l1YNAAY",
      "lastModifiedByName": "Manoj Kumar",
      "lastModifiedDate": "2023-10-03T12:48:02.000Z",
      "manageableState": "unmanaged",
      "type": "FlowDefinition"
    },
    {
      "createdById": "0055h000009l1YNAAY",
      "createdByName": "Manoj Kumar",
      "createdDate": "2023-11-13T08:55:50.000Z",
      "fileName": "flowDefinitions/Task_remainder_Email_Flow.flowDefinition",
      "fullName": "Task_remainder_Email_Flow",
      "id": "3005h000000ieWjAAI",
      "lastModifiedById": "0055h000009l1YNAAY",
      "lastModifiedByName": "Manoj Kumar",
      "lastModifiedDate": "2023-11-14T04:13:57.000Z",
      "manageableState": "unmanaged",
      "type": "FlowDefinition"
    },
    {
      "createdById": "0055h000009l1YNAAY",
      "createdByName": "Manoj Kumar",
      "createdDate": "2023-09-18T11:03:42.000Z",
      "fileName": "flowDefinitions/New_instructor_Actions_Master_Process.flowDefinition",
      "fullName": "New_instructor_Actions_Master_Process",
      "id": "3005h000000MKHIAA4",
      "lastModifiedById": "0055h000009l1YNAAY",
      "lastModifiedByName": "Manoj Kumar",
      "lastModifiedDate": "2023-09-18T11:15:26.000Z",
      "manageableState": "unmanaged",
      "type": "FlowDefinition"
    },
    {
      "createdById": "0055h000009l1YNAAY",
      "createdByName": "Manoj Kumar",
      "createdDate": "2024-03-06T12:30:21.000Z",
      "fileName": "flowDefinitions/CMDT_Update.flowDefinition",
      "fullName": "CMDT_Update",
      "id": "3005h000001MbNJAA0",
      "lastModifiedById": "0055h000009l1YNAAY",
      "lastModifiedByName": "Manoj Kumar",
      "lastModifiedDate": "2024-03-20T13:55:39.000Z",
      "manageableState": "unmanaged",
      "type": "FlowDefinition"
    },
    {
      "createdById": "0055h000009l1YNAAY",
      "createdByName": "Manoj Kumar",
      "createdDate": "2023-09-18T08:56:45.000Z",
      "fileName": "flowDefinitions/Auto_Create_Contract_on_Account.flowDefinition",
      "fullName": "Auto_Create_Contract_on_Account",
      "id": "3005h000000MJuuAAG",
      "lastModifiedById": "0055h000009l1YNAAY",
      "lastModifiedByName": "Manoj Kumar",
      "lastModifiedDate": "2023-09-18T09:13:18.000Z",
      "manageableState": "unmanaged",
      "type": "FlowDefinition"
    },
    {
      "createdById": "0055h000009l1YNAAY",
      "createdByName": "Manoj Kumar",
      "createdDate": "2023-12-26T07:17:32.000Z",
      "fileName": "flowDefinitions/Update_Case_Record_Field.flowDefinition",
      "fullName": "Update_Case_Record_Field",
      "id": "3005h000001K0a4AAC",
      "lastModifiedById": "0055h000009l1YNAAY",
      "lastModifiedByName": "Manoj Kumar",
      "lastModifiedDate": "2023-12-26T11:39:17.000Z",
      "manageableState": "unmanaged",
      "type": "FlowDefinition"
    },
    {
      "createdById": "0055h000009l1YNAAY",
      "createdByName": "Manoj Kumar",
      "createdDate": "2023-09-18T11:36:34.000Z",
      "fileName": "flowDefinitions/new_chatter_group_for_Campaigns.flowDefinition",
      "fullName": "new_chatter_group_for_Campaigns",
      "id": "3005h000000MKJeAAO",
      "lastModifiedById": "0055h000009l1YNAAY",
      "lastModifiedByName": "Manoj Kumar",
      "lastModifiedDate": "2023-09-18T11:39:00.000Z",
      "manageableState": "unmanaged",
      "type": "FlowDefinition"
    },
    {
      "createdById": "0055h000009l1YNAAY",
      "createdByName": "Manoj Kumar",
      "createdDate": "2023-09-18T10:40:15.000Z",
      "fileName": "flowDefinitions/Using_Nested_IF_ELSE.flowDefinition",
      "fullName": "Using_Nested_IF_ELSE",
      "id": "3005h000000MKAMAA4",
      "lastModifiedById": "0055h000009l1YNAAY",
      "lastModifiedByName": "Manoj Kumar",
      "lastModifiedDate": "2023-09-18T10:51:53.000Z",
      "manageableState": "unmanaged",
      "type": "FlowDefinition"
    },
    {
      "createdById": "0055h000009l1YNAAY",
      "createdByName": "Manoj Kumar",
      "createdDate": "2023-10-23T08:03:24.000Z",
      "fileName": "flowDefinitions/Case_Flow.flowDefinition",
      "fullName": "Case_Flow",
      "id": "3005h000000hehEAAQ",
      "lastModifiedById": "0055h000009l1YNAAY",
      "lastModifiedByName": "Manoj Kumar",
      "lastModifiedDate": "2023-10-23T12:09:07.000Z",
      "manageableState": "unmanaged",
      "type": "FlowDefinition"
    },
    {
      "createdById": "0055h000009l1YNAAY",
      "createdByName": "Manoj Kumar",
      "createdDate": "2024-03-27T11:32:25.000Z",
      "fileName": "flowDefinitions/CFCU_Debit_Card_Activation_Flow_Handler.flowDefinition",
      "fullName": "CFCU_Debit_Card_Activation_Flow_Handler",
      "id": "3005h000001MdLlAAK",
      "lastModifiedById": "0055h000009l1YNAAY",
      "lastModifiedByName": "Manoj Kumar",
      "lastModifiedDate": "2024-03-28T06:44:11.000Z",
      "manageableState": "unmanaged",
      "type": "FlowDefinition"
    },
    {
      "createdById": "0055h000009l1YNAAY",
      "createdByName": "Manoj Kumar",
      "createdDate": "2024-06-05T07:33:29.000Z",
      "fileName": "flowDefinitions/Apex_and_Flow_integration_to_create_case.flowDefinition",
      "fullName": "Apex_and_Flow_integration_to_create_case",
      "id": "300J2000000oP2NIAU",
      "lastModifiedById": "0055h000009l1YNAAY",
      "lastModifiedByName": "Manoj Kumar",
      "lastModifiedDate": "2024-06-05T11:28:58.000Z",
      "manageableState": "unmanaged",
      "type": "FlowDefinition"
    }
  ]
}