{
  "status": 0,
  "result": [
    {
      "createdById": "0055h000009l1YNAAY",
      "createdByName": "Manoj Kumar",
      "createdDate": "2023-11-02T11:08:37.000Z",
      "fileName": "remoteSiteSettings/NewApi.remoteSite",
      "fullName": "NewApi",
      "id": "0rp5h000000QYdhAAG",
      "lastModifiedById": "0055h000009l1YNAAY",
      "lastModifiedByName": "Manoj Kumar",
      "lastModifiedDate": "2024-04-08T11:20:33.000Z",
      "manageableState": "unmanaged",
      "type": "RemoteSiteSetting"
    },
    {
      "createdById": "0055h000009l1YNAAY",
      "createdByName": "Manoj Kumar",
      "createdDate": "2024-07-02T12:27:19.000Z",
      "fileName": "remoteSiteSettings/TLS.remoteSite",
      "fullName": "TLS",
      "id": "0rpJ2000000GoedIAC",
      "lastModifiedById": "0055h000009l1YNAAY",
      "lastModifiedByName": "Manoj Kumar",
      "lastModifiedDate": "2024-07-02T12:27:19.000Z",
      "manageableState": "unmanaged",
      "type": "RemoteSiteSetting"
    },
    {
      "createdById": "0055h000009l1YNAAY",
      "createdByName": "Manoj Kumar",
      "createdDate": "2023-09-28T05:06:12.000Z",
      "fileName": "remoteSiteSettings/Csharp.remoteSite",
      "fullName": "Csharp",
      "id": "0rp5h000000YiLdAAK",
      "lastModifiedById": "0055h000009l1YNAAY",
      "lastModifiedByName": "Manoj Kumar",
      "lastModifiedDate": "2024-04-12T05:56:25.000Z",
      "manageableState": "unmanaged",
      "type": "RemoteSiteSetting"
    },
    {
      "createdById": "0055h000009l1YNAAY",
      "createdByName": "Manoj Kumar",
      "createdDate": "2024-02-08T08:49:17.000Z",
      "fileName": "remoteSiteSettings/ServiceNow.remoteSite",
      "fullName": "ServiceNow",
      "id": "0rp5h000001U8AZAA0",
      "lastModifiedById": "0055h000009l1YNAAY",
      "lastModifiedByName": "Manoj Kumar",
      "lastModifiedDate": "2024-03-11T09:57:49.000Z",
      "manageableState": "unmanaged",
      "type": "RemoteSiteSetting"
    },
    {
      "createdById": "0055h000009l1YNAAY",
      "createdByName": "Manoj Kumar",
      "createdDate": "2023-09-25T16:46:02.000Z",
      "fileName": "remoteSiteSettings/MockyExternalAPI.remoteSite",
      "fullName": "MockyExternalAPI",
      "id": "0rp5h000000YbF9AAK",
      "lastModifiedById": "0055h000009l1YNAAY",
      "lastModifiedByName": "Manoj Kumar",
      "lastModifiedDate": "2023-09-25T16:46:02.000Z",
      "manageableState": "unmanaged",
      "type": "RemoteSiteSetting"
    },
    {
      "createdById": "0055h000009l1YNAAY",
      "createdByName": "Manoj Kumar",
      "createdDate": "2024-04-07T04:35:34.000Z",
      "fileName": "remoteSiteSettings/newPostman.remoteSite",
      "fullName": "newPostman",
      "id": "0rp5h000001UBYOAA4",
      "lastModifiedById": "0055h000009l1YNAAY",
      "lastModifiedByName": "Manoj Kumar",
      "lastModifiedDate": "2024-06-07T12:00:34.000Z",
      "manageableState": "unmanaged",
      "type": "RemoteSiteSetting"
    },
    {
      "createdById": "0055h000009l1YNAAY",
      "createdByName": "Manoj Kumar",
      "createdDate": "2024-03-26T14:35:14.000Z",
      "fileName": "remoteSiteSettings/CFCU_Checking_URL.remoteSite",
      "fullName": "CFCU_Checking_URL",
      "id": "0rp5h000001UB0tAAG",
      "lastModifiedById": "0055h000009l1YNAAY",
      "lastModifiedByName": "Manoj Kumar",
      "lastModifiedDate": "2024-03-28T11:31:52.000Z",
      "manageableState": "unmanaged",
      "type": "RemoteSiteSetting"
    },
    {
      "createdById": "0055h000009l1YNAAY",
      "createdByName": "Manoj Kumar",
      "createdDate": "2024-03-26T07:34:39.000Z",
      "fileName": "remoteSiteSettings/CFCU_Checking.remoteSite",
      "fullName": "CFCU_Checking",
      "id": "0rp5h000001UAzqAAG",
      "lastModifiedById": "0055h000009l1YNAAY",
      "lastModifiedByName": "Manoj Kumar",
      "lastModifiedDate": "2024-04-09T07:20:43.000Z",
      "manageableState": "unmanaged",
      "type": "RemoteSiteSetting"
    },
    {
      "createdById": "0055h000009l1YNAAY",
      "createdByName": "Manoj Kumar",
      "createdDate": "2024-04-12T07:49:33.000Z",
      "fileName": "remoteSiteSettings/NEW_CFCI.remoteSite",
      "fullName": "NEW_CFCI",
      "id": "0rp5h000001UBkcAAG",
      "lastModifiedById": "0055h000009l1YNAAY",
      "lastModifiedByName": "Manoj Kumar",
      "lastModifiedDate": "2024-04-12T09:04:09.000Z",
      "manageableState": "unmanaged",
      "type": "RemoteSiteSetting"
    },
    {
      "createdById": "0055h000009l1YNAAY",
      "createdByName": "Manoj Kumar",
      "createdDate": "2023-11-15T12:56:13.000Z",
      "fileName": "remoteSiteSettings/newtaskapi.remoteSite",
      "fullName": "newtaskapi",
      "id": "0rp5h000000fDcHAAU",
      "lastModifiedById": "0055h000009l1YNAAY",
      "lastModifiedByName": "Manoj Kumar",
      "lastModifiedDate": "2024-04-12T06:44:08.000Z",
      "manageableState": "unmanaged",
      "type": "RemoteSiteSetting"
    },
    {
      "createdById": "0055h000009l1YNAAY",
      "createdByName": "Manoj Kumar",
      "createdDate": "2023-09-15T04:05:52.000Z",
      "fileName": "remoteSiteSettings/CFCU_Niteesh.remoteSite",
      "fullName": "CFCU_Niteesh",
      "id": "0rp5h000000Y9tFAAS",
      "lastModifiedById": "0055h000009l1YNAAY",
      "lastModifiedByName": "Manoj Kumar",
      "lastModifiedDate": "2024-04-12T07:43:52.000Z",
      "manageableState": "unmanaged",
      "type": "RemoteSiteSetting"
    },
    {
      "createdById": "0055h000009l1YNAAY",
      "createdByName": "Manoj Kumar",
      "createdDate": "2024-04-10T15:11:04.000Z",
      "fileName": "remoteSiteSettings/CFCU_Local_Host.remoteSite",
      "fullName": "CFCU_Local_Host",
      "id": "0rp5h000001UBguAAG",
      "lastModifiedById": "0055h000009l1YNAAY",
      "lastModifiedByName": "Manoj Kumar",
      "lastModifiedDate": "2024-04-11T07:01:58.000Z",
      "manageableState": "unmanaged",
      "type": "RemoteSiteSetting"
    }
  ]
}