{
  "status": 0,
  "result": [
    {
      "createdById": "0055h000009l1YTAAY",
      "createdByName": "Automated Process",
      "createdDate": "2023-09-15T04:05:52.000Z",
      "fileName": "reportTypes/screen_flows_prebuilt_crt.reportType",
      "fullName": "screen_flows_prebuilt_crt",
      "id": "0705h000000YS1wAAG",
      "lastModifiedById": "0055h000009l1YTAAY",
      "lastModifiedByName": "Automated Process",
      "lastModifiedDate": "2023-09-15T04:05:52.000Z",
      "manageableState": "unmanaged",
      "type": "ReportType"
    },
    {
      "createdById": "0055h000009l1YTAAY",
      "createdByName": "Automated Process",
      "createdDate": "2024-02-11T03:47:04.000Z",
      "fileName": "reportTypes/flow_orchestration_step_run_ootb_crt_two_four_eight.reportType",
      "fullName": "flow_orchestration_step_run_ootb_crt_two_four_eight",
      "id": "0705h000001ZUC0AAO",
      "lastModifiedById": "0055h000009l1YTAAY",
      "lastModifiedByName": "Automated Process",
      "lastModifiedDate": "2024-02-11T03:47:04.000Z",
      "manageableState": "unmanaged",
      "type": "ReportType"
    },
    {
      "createdById": "0055h000009l1YNAAY",
      "createdByName": "Manoj Kumar",
      "createdDate": "2023-09-27T04:31:14.000Z",
      "fileName": "reportTypes/Case_report.reportType",
      "fullName": "Case_report",
      "id": "0705h000000Z3z7AAC",
      "lastModifiedById": "0055h000009l1YNAAY",
      "lastModifiedByName": "Manoj Kumar",
      "lastModifiedDate": "2023-09-27T06:16:11.000Z",
      "manageableState": "unmanaged",
      "type": "ReportType"
    },
    {
      "createdById": "0055h000009l1YTAAY",
      "createdByName": "Automated Process",
      "createdDate": "2024-02-11T03:47:04.000Z",
      "fileName": "reportTypes/flow_orchestration_work_item_ootb_crt_two_four_eight.reportType",
      "fullName": "flow_orchestration_work_item_ootb_crt_two_four_eight",
      "id": "0705h000001ZUC1AAO",
      "lastModifiedById": "0055h000009l1YTAAY",
      "lastModifiedByName": "Automated Process",
      "lastModifiedDate": "2024-02-11T03:47:04.000Z",
      "manageableState": "unmanaged",
      "type": "ReportType"
    },
    {
      "createdById": "0055h000009l1YTAAY",
      "createdByName": "Automated Process",
      "createdDate": "2024-02-11T03:47:04.000Z",
      "fileName": "reportTypes/flow_orchestration_stage_run_ootb_crt_two_four_eight.reportType",
      "fullName": "flow_orchestration_stage_run_ootb_crt_two_four_eight",
      "id": "0705h000001ZUBzAAO",
      "lastModifiedById": "0055h000009l1YTAAY",
      "lastModifiedByName": "Automated Process",
      "lastModifiedDate": "2024-02-11T03:47:04.000Z",
      "manageableState": "unmanaged",
      "type": "ReportType"
    },
    {
      "createdById": "0055h000009l1YTAAY",
      "createdByName": "Automated Process",
      "createdDate": "2024-02-11T03:47:05.000Z",
      "fileName": "reportTypes/flow_orchestration_log_ootb_crt_two_four_eight.reportType",
      "fullName": "flow_orchestration_log_ootb_crt_two_four_eight",
      "id": "0705h000001ZUC2AAO",
      "lastModifiedById": "0055h000009l1YTAAY",
      "lastModifiedByName": "Automated Process",
      "lastModifiedDate": "2024-02-11T03:47:05.000Z",
      "manageableState": "unmanaged",
      "type": "ReportType"
    },
    {
      "createdById": "0055h000009l1YTAAY",
      "createdByName": "Automated Process",
      "createdDate": "2024-02-11T03:47:04.000Z",
      "fileName": "reportTypes/flow_orchestration_run_ootb_crt_two_four_eight.reportType",
      "fullName": "flow_orchestration_run_ootb_crt_two_four_eight",
      "id": "0705h000001ZUByAAO",
      "lastModifiedById": "0055h000009l1YTAAY",
      "lastModifiedByName": "Automated Process",
      "lastModifiedDate": "2024-02-11T03:47:04.000Z",
      "manageableState": "unmanaged",
      "type": "ReportType"
    }
  ]
}