{
  "status": 0,
  "result": [
    {
      "createdById": "0055h000009l1YNAAY",
      "createdByName": "Manoj",
      "createdDate": "2024-03-28T11:23:13.000Z",
      "fileName": "triggers/Card_Activation_Trigger.trigger",
      "fullName": "Card_Activation_Trigger",
      "id": "01q5h0000010gBMAAY",
      "lastModifiedById": "0055h000009l1YNAAY",
      "lastModifiedByName": "Manoj",
      "lastModifiedDate": "2024-05-14T13:08:56.000Z",
      "manageableState": "unmanaged",
      "type": "ApexTrigger"
    }
  ]
}