{
  "status": 0,
  "result": [
    {
      "createdById": "0055h000009l1YNAAY",
      "createdByName": "Manoj Kumar",
      "createdDate": "1970-01-01T00:00:00.000Z",
      "fileName": "apexEmailNotifications/apexEmailNotifications.notifications",
      "fullName": "apexEmailNotifications",
      "id": "",
      "lastModifiedById": "0055h000009l1YNAAY",
      "lastModifiedByName": "Manoj Kumar",
      "lastModifiedDate": "1970-01-01T00:00:00.000Z",
      "namespacePrefix": "",
      "type": "ApexEmailNotifications"
    }
  ]
}