{
  "status": 0,
  "result": [
    {
      "createdById": "0055h000009l1YNAAY",
      "createdByName": "Manoj",
      "createdDate": "2024-04-08T13:37:14.000Z",
      "fileName": "certs/Test.crt",
      "fullName": "Test",
      "id": "0P15h00000RVJY7CAP",
      "lastModifiedById": "0055h000009l1YNAAY",
      "lastModifiedByName": "Manoj",
      "lastModifiedDate": "1970-01-01T00:00:00.000Z",
      "type": "Certificate"
    },
    {
      "createdById": "0055h000009l1YNAAY",
      "createdByName": "Manoj",
      "createdDate": "2024-01-02T07:04:00.000Z",
      "fileName": "certs/Local_Org_Certificate.crt",
      "fullName": "Local_Org_Certificate",
      "id": "0P15h00000Q4BgYCAV",
      "lastModifiedById": "0055h000009l1YNAAY",
      "lastModifiedByName": "Manoj",
      "lastModifiedDate": "1970-01-01T00:00:00.000Z",
      "type": "Certificate"
    },
    {
      "createdById": "0055h000009l1YNAAY",
      "createdByName": "Manoj",
      "createdDate": "2024-04-08T11:53:52.000Z",
      "fileName": "certs/CFCU_Certificate.crt",
      "fullName": "CFCU_Certificate",
      "id": "0P15h00000RVJY2CAP",
      "lastModifiedById": "0055h000009l1YNAAY",
      "lastModifiedByName": "Manoj",
      "lastModifiedDate": "1970-01-01T00:00:00.000Z",
      "type": "Certificate"
    }
  ]
}