{
  "status": 0,
  "result": [
    {
      "createdById": "0055h000009l1YNAAY",
      "createdByName": "Manoj",
      "createdDate": "2023-11-15T05:26:05.000Z",
      "fileName": "flows/SendCustomNotification.flow",
      "fullName": "SendCustomNotification",
      "id": "3015h000001JBrUAAW",
      "lastModifiedById": "0055h000009l1YNAAY",
      "lastModifiedByName": "Manoj",
      "lastModifiedDate": "2024-03-28T06:52:56.000Z",
      "manageableState": "unmanaged",
      "type": "Flow"
    },
    {
      "createdById": "0055h000009l1YNAAY",
      "createdByName": "Manoj",
      "createdDate": "2023-09-18T09:27:27.000Z",
      "fileName": "flows/Update_Oppurtunites_on_Account_closed_lost_when_account_is_deactived.flow",
      "fullName": "Update_Oppurtunites_on_Account_closed_lost_when_account_is_deactived",
      "id": "3015h000000OZfgAAG",
      "lastModifiedById": "0055h000009l1YNAAY",
      "lastModifiedByName": "Manoj",
      "lastModifiedDate": "2023-09-18T09:27:38.000Z",
      "manageableState": "unmanaged",
      "type": "Flow"
    },
    {
      "createdById": "0055h000009l1YNAAY",
      "createdByName": "Manoj",
      "createdDate": "2024-02-22T10:35:20.000Z",
      "fileName": "flows/UPC_Flow_with_Description_Fixed.flow",
      "fullName": "UPC_Flow_with_Description_Fixed",
      "id": "3015h000001xScGAAU",
      "lastModifiedById": "0055h000009l1YNAAY",
      "lastModifiedByName": "Manoj",
      "lastModifiedDate": "2024-02-22T12:03:40.000Z",
      "manageableState": "unmanaged",
      "type": "Flow"
    },
    {
      "createdById": "0055h000009l1YNAAY",
      "createdByName": "Manoj",
      "createdDate": "2024-02-22T06:34:20.000Z",
      "fileName": "flows/UPC_Flow.flow",
      "fullName": "UPC_Flow",
      "id": "3015h000001xSStAAM",
      "lastModifiedById": "0055h000009l1YNAAY",
      "lastModifiedByName": "Manoj",
      "lastModifiedDate": "2024-02-22T06:34:22.000Z",
      "manageableState": "unmanaged",
      "type": "Flow"
    },
    {
      "createdById": "0055h000009l1YNAAY",
      "createdByName": "Manoj",
      "createdDate": "2023-11-15T05:25:25.000Z",
      "fileName": "flows/TaskEmailRemainder.flow",
      "fullName": "TaskEmailRemainder",
      "id": "3015h000001JBrPAAW",
      "lastModifiedById": "0055h000009l1YNAAY",
      "lastModifiedByName": "Manoj",
      "lastModifiedDate": "2024-03-28T06:53:12.000Z",
      "manageableState": "unmanaged",
      "type": "Flow"
    },
    {
      "createdById": "0055h000009l1YNAAY",
      "createdByName": "Manoj",
      "createdDate": "2023-11-01T10:15:16.000Z",
      "fileName": "flows/Loan_Review.flow",
      "fullName": "Loan_Review",
      "id": "3015h000001drYfAAI",
      "lastModifiedById": "0055h000009l1YNAAY",
      "lastModifiedByName": "Manoj",
      "lastModifiedDate": "2023-11-01T10:15:16.000Z",
      "manageableState": "unmanaged",
      "type": "Flow"
    },
    {
      "createdById": "0055h000009l1YNAAY",
      "createdByName": "Manoj",
      "createdDate": "2023-11-01T10:15:17.000Z",
      "fileName": "flows/Task_Subject.flow",
      "fullName": "Task_Subject",
      "id": "3015h000001drYiAAI",
      "lastModifiedById": "0055h000009l1YNAAY",
      "lastModifiedByName": "Manoj",
      "lastModifiedDate": "2023-11-01T10:15:19.000Z",
      "manageableState": "unmanaged",
      "type": "Flow"
    },
    {
      "createdById": "0055h000009l1YNAAY",
      "createdByName": "Manoj",
      "createdDate": "2024-02-08T09:34:53.000Z",
      "fileName": "flows/Servicenowflow.flow",
      "fullName": "Servicenowflow",
      "id": "3015h000001xNQBAA2",
      "lastModifiedById": "0055h000009l1YNAAY",
      "lastModifiedByName": "Manoj",
      "lastModifiedDate": "2024-02-08T09:34:54.000Z",
      "manageableState": "unmanaged",
      "type": "Flow"
    },
    {
      "createdById": "0055h000009l1YNAAY",
      "createdByName": "Manoj",
      "createdDate": "2023-09-20T08:45:43.000Z",
      "fileName": "flows/Auto_Submit_Approval_Process.flow",
      "fullName": "Auto_Submit_Approval_Process",
      "id": "3015h000000OiQWAA0",
      "lastModifiedById": "0055h000009l1YNAAY",
      "lastModifiedByName": "Manoj",
      "lastModifiedDate": "2023-09-20T08:50:28.000Z",
      "manageableState": "unmanaged",
      "type": "Flow"
    },
    {
      "createdById": "0055h000009l1YNAAY",
      "createdByName": "Manoj",
      "createdDate": "2024-03-20T13:55:34.000Z",
      "fileName": "flows/CMDT_Update.flow",
      "fullName": "CMDT_Update",
      "id": "3015h000001xahkAAA",
      "lastModifiedById": "0055h000009l1YNAAY",
      "lastModifiedByName": "Manoj",
      "lastModifiedDate": "2024-03-20T13:55:39.000Z",
      "manageableState": "unmanaged",
      "type": "Flow"
    },
    {
      "createdById": "0055h000009l1YNAAY",
      "createdByName": "Manoj",
      "createdDate": "2023-11-01T10:15:17.000Z",
      "fileName": "flows/Task_from_flow.flow",
      "fullName": "Task_from_flow",
      "id": "3015h000001drYjAAI",
      "lastModifiedById": "0055h000009l1YNAAY",
      "lastModifiedByName": "Manoj",
      "lastModifiedDate": "2023-11-01T10:15:21.000Z",
      "manageableState": "unmanaged",
      "type": "Flow"
    },
    {
      "createdById": "0055h000009l1YNAAY",
      "createdByName": "Manoj",
      "createdDate": "2023-10-23T12:07:59.000Z",
      "fileName": "flows/Case_Flow.flow",
      "fullName": "Case_Flow",
      "id": "3015h000001dCwFAAU",
      "lastModifiedById": "0055h000009l1YNAAY",
      "lastModifiedByName": "Manoj",
      "lastModifiedDate": "2023-10-23T12:09:07.000Z",
      "manageableState": "unmanaged",
      "type": "Flow"
    },
    {
      "createdById": "0055h000009l1YNAAY",
      "createdByName": "Manoj",
      "createdDate": "2023-09-18T11:38:49.000Z",
      "fileName": "flows/new_chatter_group_for_Campaigns.flow",
      "fullName": "new_chatter_group_for_Campaigns",
      "id": "3015h000000OaAbAAK",
      "lastModifiedById": "0055h000009l1YNAAY",
      "lastModifiedByName": "Manoj",
      "lastModifiedDate": "2023-09-18T11:39:00.000Z",
      "manageableState": "unmanaged",
      "type": "Flow"
    },
    {
      "createdById": "0055h000009l1YNAAY",
      "createdByName": "Manoj",
      "createdDate": "2023-10-22T11:53:05.000Z",
      "fileName": "flows/Bank_Account_Flow.flow",
      "fullName": "Bank_Account_Flow",
      "id": "3015h000001d6OrAAI",
      "lastModifiedById": "0055h000009l1YNAAY",
      "lastModifiedByName": "Manoj",
      "lastModifiedDate": "2023-10-22T11:53:13.000Z",
      "manageableState": "unmanaged",
      "type": "Flow"
    },
    {
      "createdById": "0055h000009l1YNAAY",
      "createdByName": "Manoj",
      "createdDate": "2023-11-01T10:15:13.000Z",
      "fileName": "flows/Case_Progress_Generation.flow",
      "fullName": "Case_Progress_Generation",
      "id": "3015h000001drYdAAI",
      "lastModifiedById": "0055h000009l1YNAAY",
      "lastModifiedByName": "Manoj",
      "lastModifiedDate": "2023-11-01T10:15:15.000Z",
      "manageableState": "unmanaged",
      "type": "Flow"
    },
    {
      "createdById": "0055h000009l1YNAAY",
      "createdByName": "Manoj",
      "createdDate": "2024-02-26T13:54:42.000Z",
      "fileName": "flows/UPC_Flow_New.flow",
      "fullName": "UPC_Flow_New",
      "id": "3015h000001xTt3AAE",
      "lastModifiedById": "0055h000009l1YNAAY",
      "lastModifiedByName": "Manoj",
      "lastModifiedDate": "2024-02-26T13:54:48.000Z",
      "manageableState": "unmanaged",
      "type": "Flow"
    },
    {
      "createdById": "0055h000009l1YNAAY",
      "createdByName": "Manoj",
      "createdDate": "2023-09-18T11:43:22.000Z",
      "fileName": "flows/Send_Welcome_Email.flow",
      "fullName": "Send_Welcome_Email",
      "id": "3015h000000OaAcAAK",
      "lastModifiedById": "0055h000009l1YNAAY",
      "lastModifiedByName": "Manoj",
      "lastModifiedDate": "2023-09-20T08:52:03.000Z",
      "manageableState": "unmanaged",
      "type": "Flow"
    },
    {
      "createdById": "0055h000009l1YNAAY",
      "createdByName": "Manoj",
      "createdDate": "2024-06-06T16:09:13.000Z",
      "fileName": "flows/Case_Creation_and_Travel_Notice.flow",
      "fullName": "Case_Creation_and_Travel_Notice",
      "id": "301J2000000wmrdIAA",
      "lastModifiedById": "0055h000009l1YNAAY",
      "lastModifiedByName": "Manoj",
      "lastModifiedDate": "2024-06-07T08:30:47.000Z",
      "manageableState": "unmanaged",
      "type": "Flow"
    },
    {
      "createdById": "0055h000009l1YNAAY",
      "createdByName": "Manoj",
      "createdDate": "2023-11-01T10:15:16.000Z",
      "fileName": "flows/Progress_Generation.flow",
      "fullName": "Progress_Generation",
      "id": "3015h000001drYgAAI",
      "lastModifiedById": "0055h000009l1YNAAY",
      "lastModifiedByName": "Manoj",
      "lastModifiedDate": "2023-11-01T10:15:16.000Z",
      "manageableState": "unmanaged",
      "type": "Flow"
    },
    {
      "createdById": "0055h000009l1YNAAY",
      "createdByName": "Manoj",
      "createdDate": "2023-10-12T05:23:33.000Z",
      "fileName": "flows/FeedBack_Form.flow",
      "fullName": "FeedBack_Form",
      "id": "3015h000001ZMK0AAO",
      "lastModifiedById": "0055h000009l1YNAAY",
      "lastModifiedByName": "Manoj",
      "lastModifiedDate": "2023-10-12T05:27:37.000Z",
      "manageableState": "unmanaged",
      "type": "Flow"
    },
    {
      "createdById": "0055h000009l1YNAAY",
      "createdByName": "Manoj",
      "createdDate": "2024-05-14T07:02:59.000Z",
      "fileName": "flows/Case_Creation_CFCU.flow",
      "fullName": "Case_Creation_CFCU",
      "id": "301J2000000wkdoIAA",
      "lastModifiedById": "0055h000009l1YNAAY",
      "lastModifiedByName": "Manoj",
      "lastModifiedDate": "2024-05-14T07:03:03.000Z",
      "manageableState": "unmanaged",
      "type": "Flow"
    },
    {
      "createdById": "0055h000009l1YNAAY",
      "createdByName": "Manoj",
      "createdDate": "2023-10-03T12:47:57.000Z",
      "fileName": "flows/ExtraCaricullar_Flow.flow",
      "fullName": "ExtraCaricullar_Flow",
      "id": "3015h000001Yj5fAAC",
      "lastModifiedById": "0055h000009l1YNAAY",
      "lastModifiedByName": "Manoj",
      "lastModifiedDate": "2023-10-03T12:48:02.000Z",
      "manageableState": "unmanaged",
      "type": "Flow"
    },
    {
      "createdById": "0055h000009l1YNAAY",
      "createdByName": "Manoj",
      "createdDate": "2024-06-05T11:28:58.000Z",
      "fileName": "flows/Apex_and_Flow_integration_to_create_case.flow",
      "fullName": "Apex_and_Flow_integration_to_create_case",
      "id": "301J2000000wmk3IAA",
      "lastModifiedById": "0055h000009l1YNAAY",
      "lastModifiedByName": "Manoj",
      "lastModifiedDate": "2024-06-05T11:28:58.000Z",
      "manageableState": "unmanaged",
      "type": "Flow"
    },
    {
      "createdById": "0055h000009l1YNAAY",
      "createdByName": "Manoj",
      "createdDate": "2023-09-18T11:29:01.000Z",
      "fileName": "flows/Post_to_Chatter_for_Closed_Won.flow",
      "fullName": "Post_to_Chatter_for_Closed_Won",
      "id": "3015h000000OaA1AAK",
      "lastModifiedById": "0055h000009l1YNAAY",
      "lastModifiedByName": "Manoj",
      "lastModifiedDate": "2023-09-18T11:29:24.000Z",
      "manageableState": "unmanaged",
      "type": "Flow"
    },
    {
      "createdById": "0055h000009l1YNAAY",
      "createdByName": "Manoj",
      "createdDate": "2023-09-18T07:20:50.000Z",
      "fileName": "flows/Auto_create_Child_Case_Record.flow",
      "fullName": "Auto_create_Child_Case_Record",
      "id": "3015h000000OZIVAA4",
      "lastModifiedById": "0055h000009l1YNAAY",
      "lastModifiedByName": "Manoj",
      "lastModifiedDate": "2023-09-25T17:53:14.000Z",
      "manageableState": "unmanaged",
      "type": "Flow"
    },
    {
      "createdById": "0055h000009l1YNAAY",
      "createdByName": "Manoj",
      "createdDate": "2024-03-06T13:20:52.000Z",
      "fileName": "flows/Update_CMDT_Value.flow",
      "fullName": "Update_CMDT_Value",
      "id": "3015h000001xWEjAAM",
      "lastModifiedById": "0055h000009l1YNAAY",
      "lastModifiedByName": "Manoj",
      "lastModifiedDate": "2024-03-06T13:20:52.000Z",
      "manageableState": "unmanaged",
      "type": "Flow"
    },
    {
      "createdById": "0055h000009l1YNAAY",
      "createdByName": "Manoj",
      "createdDate": "2024-05-31T14:19:06.000Z",
      "fileName": "flows/Create_Case_From_Account.flow",
      "fullName": "Create_Case_From_Account",
      "id": "301J2000000wmJHIAY",
      "lastModifiedById": "0055h000009l1YNAAY",
      "lastModifiedByName": "Manoj",
      "lastModifiedDate": "2024-05-31T14:19:56.000Z",
      "manageableState": "unmanaged",
      "type": "Flow"
    },
    {
      "createdById": "0055h000009l1YNAAY",
      "createdByName": "Manoj",
      "createdDate": "2023-09-18T11:14:16.000Z",
      "fileName": "flows/New_instructor_Actions_Master_Process.flow",
      "fullName": "New_instructor_Actions_Master_Process",
      "id": "3015h000000Oa84AAC",
      "lastModifiedById": "0055h000009l1YNAAY",
      "lastModifiedByName": "Manoj",
      "lastModifiedDate": "2023-09-18T11:15:26.000Z",
      "manageableState": "unmanaged",
      "type": "Flow"
    },
    {
      "createdById": "0055h000009l1YNAAY",
      "createdByName": "Manoj",
      "createdDate": "2023-10-12T05:53:16.000Z",
      "fileName": "flows/Delete_Record.flow",
      "fullName": "Delete_Record",
      "id": "3015h000001ZMM6AAO",
      "lastModifiedById": "0055h000009l1YNAAY",
      "lastModifiedByName": "Manoj",
      "lastModifiedDate": "2023-10-12T05:54:23.000Z",
      "manageableState": "unmanaged",
      "type": "Flow"
    },
    {
      "createdById": "0055h000009l1YNAAY",
      "createdByName": "Manoj",
      "createdDate": "2024-04-29T10:40:46.000Z",
      "fileName": "flows/delete_cases.flow",
      "fullName": "delete_cases",
      "id": "3015h000002EThjAAG",
      "lastModifiedById": "0055h000009l1YNAAY",
      "lastModifiedByName": "Manoj",
      "lastModifiedDate": "2024-04-29T10:40:47.000Z",
      "manageableState": "unmanaged",
      "type": "Flow"
    },
    {
      "createdById": "0055h000009l1YNAAY",
      "createdByName": "Manoj",
      "createdDate": "2023-11-13T09:30:57.000Z",
      "fileName": "flows/send_email_for_working_cases.flow",
      "fullName": "send_email_for_working_cases",
      "id": "3015h000001eZB5AAM",
      "lastModifiedById": "0055h000009l1YNAAY",
      "lastModifiedByName": "Manoj",
      "lastModifiedDate": "2023-11-13T09:31:02.000Z",
      "manageableState": "unmanaged",
      "type": "Flow"
    },
    {
      "createdById": "0055h000009l1YNAAY",
      "createdByName": "Manoj",
      "createdDate": "2023-10-11T11:49:44.000Z",
      "fileName": "flows/Publish_Account_Creation_Event.flow",
      "fullName": "Publish_Account_Creation_Event",
      "id": "3015h000001ZIvCAAW",
      "lastModifiedById": "0055h000009l1YNAAY",
      "lastModifiedByName": "Manoj",
      "lastModifiedDate": "2023-10-11T11:50:35.000Z",
      "manageableState": "unmanaged",
      "type": "Flow"
    },
    {
      "createdById": "0055h000009l1YNAAY",
      "createdByName": "Manoj",
      "createdDate": "2023-09-18T09:42:31.000Z",
      "fileName": "flows/Update_Department_Description.flow",
      "fullName": "Update_Department_Description",
      "id": "3015h000000OZgoAAG",
      "lastModifiedById": "0055h000009l1YNAAY",
      "lastModifiedByName": "Manoj",
      "lastModifiedDate": "2023-09-18T09:43:15.000Z",
      "manageableState": "unmanaged",
      "type": "Flow"
    },
    {
      "createdById": "0055h000009l1YNAAY",
      "createdByName": "Manoj",
      "createdDate": "2023-10-03T11:59:14.000Z",
      "fileName": "flows/Account_Rating_Update.flow",
      "fullName": "Account_Rating_Update",
      "id": "3015h000001YizUAAS",
      "lastModifiedById": "0055h000009l1YNAAY",
      "lastModifiedByName": "Manoj",
      "lastModifiedDate": "2023-10-03T11:59:17.000Z",
      "manageableState": "unmanaged",
      "type": "Flow"
    },
    {
      "createdById": "0055h000009l1YNAAY",
      "createdByName": "Manoj",
      "createdDate": "2023-10-03T07:51:05.000Z",
      "fileName": "flows/DeleteRecord.flow",
      "fullName": "DeleteRecord",
      "id": "3015h000001YiH8AAK",
      "lastModifiedById": "0055h000009l1YNAAY",
      "lastModifiedByName": "Manoj",
      "lastModifiedDate": "2023-10-03T07:51:05.000Z",
      "manageableState": "unmanaged",
      "type": "Flow"
    },
    {
      "createdById": "0055h000009l1YNAAY",
      "createdByName": "Manoj",
      "createdDate": "2023-12-27T12:11:28.000Z",
      "fileName": "flows/Approve_Bank_Account.flow",
      "fullName": "Approve_Bank_Account",
      "id": "3015h000001tv6qAAA",
      "lastModifiedById": "0055h000009l1YNAAY",
      "lastModifiedByName": "Manoj",
      "lastModifiedDate": "2023-12-27T12:11:41.000Z",
      "manageableState": "unmanaged",
      "type": "Flow"
    },
    {
      "createdById": "0055h000009l1YNAAY",
      "createdByName": "Manoj",
      "createdDate": "2023-11-01T10:15:15.000Z",
      "fileName": "flows/Clone_Opportunity_with_Related_Records.flow",
      "fullName": "Clone_Opportunity_with_Related_Records",
      "id": "3015h000001drYeAAI",
      "lastModifiedById": "0055h000009l1YNAAY",
      "lastModifiedByName": "Manoj",
      "lastModifiedDate": "2023-11-01T10:15:15.000Z",
      "manageableState": "unmanaged",
      "type": "Flow"
    },
    {
      "createdById": "0055h000009l1YNAAY",
      "createdByName": "Manoj",
      "createdDate": "2024-03-06T13:15:41.000Z",
      "fileName": "flows/CMT_Update_based_on_month.flow",
      "fullName": "CMT_Update_based_on_month",
      "id": "3015h000001xWEeAAM",
      "lastModifiedById": "0055h000009l1YNAAY",
      "lastModifiedByName": "Manoj",
      "lastModifiedDate": "2024-03-06T13:15:44.000Z",
      "manageableState": "unmanaged",
      "type": "Flow"
    },
    {
      "createdById": "0055h000009l1YNAAY",
      "createdByName": "Manoj",
      "createdDate": "2023-10-17T08:40:48.000Z",
      "fileName": "flows/Update_Account.flow",
      "fullName": "Update_Account",
      "id": "3015h000001ZmZMAA0",
      "lastModifiedById": "0055h000009l1YNAAY",
      "lastModifiedByName": "Manoj",
      "lastModifiedDate": "2023-10-17T08:40:49.000Z",
      "manageableState": "unmanaged",
      "type": "Flow"
    },
    {
      "createdById": "0055h000009l1YNAAY",
      "createdByName": "Manoj",
      "createdDate": "2024-03-27T12:37:26.000Z",
      "fileName": "flows/CFCU_Debit_Card_Activation_Flow_Handler.flow",
      "fullName": "CFCU_Debit_Card_Activation_Flow_Handler",
      "id": "3015h000001xcgsAAA",
      "lastModifiedById": "0055h000009l1YNAAY",
      "lastModifiedByName": "Manoj",
      "lastModifiedDate": "2024-03-27T12:37:27.000Z",
      "manageableState": "unmanaged",
      "type": "Flow"
    },
    {
      "createdById": "0055h000009l1YNAAY",
      "createdByName": "Manoj",
      "createdDate": "2023-10-03T12:50:28.000Z",
      "fileName": "flows/Error_Flow_Log.flow",
      "fullName": "Error_Flow_Log",
      "id": "3015h000001Yj5zAAC",
      "lastModifiedById": "0055h000009l1YNAAY",
      "lastModifiedByName": "Manoj",
      "lastModifiedDate": "2023-10-03T12:50:31.000Z",
      "manageableState": "unmanaged",
      "type": "Flow"
    },
    {
      "createdById": "0055h000009l1YNAAY",
      "createdByName": "Manoj",
      "createdDate": "2023-09-18T11:02:15.000Z",
      "fileName": "flows/New_instructor_Actions.flow",
      "fullName": "New_instructor_Actions",
      "id": "3015h000000Oa41AAC",
      "lastModifiedById": "0055h000009l1YNAAY",
      "lastModifiedByName": "Manoj",
      "lastModifiedDate": "2023-09-18T11:02:34.000Z",
      "manageableState": "unmanaged",
      "type": "Flow"
    },
    {
      "createdById": "0055h000009l1YNAAY",
      "createdByName": "Manoj",
      "createdDate": "2023-11-14T04:12:42.000Z",
      "fileName": "flows/Task_remainder_Email_Flow.flow",
      "fullName": "Task_remainder_Email_Flow",
      "id": "3015h000001ebh8AAA",
      "lastModifiedById": "0055h000009l1YNAAY",
      "lastModifiedByName": "Manoj",
      "lastModifiedDate": "2023-11-14T04:13:57.000Z",
      "manageableState": "unmanaged",
      "type": "Flow"
    },
    {
      "createdById": "0055h000009l1YNAAY",
      "createdByName": "Manoj",
      "createdDate": "2023-09-18T10:51:35.000Z",
      "fileName": "flows/Using_Nested_IF_ELSE.flow",
      "fullName": "Using_Nested_IF_ELSE",
      "id": "3015h000000Oa4cAAC",
      "lastModifiedById": "0055h000009l1YNAAY",
      "lastModifiedByName": "Manoj",
      "lastModifiedDate": "2023-09-18T10:51:53.000Z",
      "manageableState": "unmanaged",
      "type": "Flow"
    },
    {
      "createdById": "0055h000009l1YNAAY",
      "createdByName": "Manoj",
      "createdDate": "2023-11-01T10:15:16.000Z",
      "fileName": "flows/Update_Progress_Field.flow",
      "fullName": "Update_Progress_Field",
      "id": "3015h000001drYhAAI",
      "lastModifiedById": "0055h000009l1YNAAY",
      "lastModifiedByName": "Manoj",
      "lastModifiedDate": "2023-11-01T10:15:17.000Z",
      "manageableState": "unmanaged",
      "type": "Flow"
    },
    {
      "createdById": "0055h000009l1YNAAY",
      "createdByName": "Manoj",
      "createdDate": "2023-12-26T11:39:07.000Z",
      "fileName": "flows/Update_Case_Record_Field.flow",
      "fullName": "Update_Case_Record_Field",
      "id": "3015h000001tqhQAAQ",
      "lastModifiedById": "0055h000009l1YNAAY",
      "lastModifiedByName": "Manoj",
      "lastModifiedDate": "2023-12-26T11:39:17.000Z",
      "manageableState": "unmanaged",
      "type": "Flow"
    },
    {
      "createdById": "0055h000009l1YNAAY",
      "createdByName": "Manoj",
      "createdDate": "2023-10-03T07:58:16.000Z",
      "fileName": "flows/DeleteRecords.flow",
      "fullName": "DeleteRecords",
      "id": "3015h000001YiJyAAK",
      "lastModifiedById": "0055h000009l1YNAAY",
      "lastModifiedByName": "Manoj",
      "lastModifiedDate": "2023-10-03T07:58:21.000Z",
      "manageableState": "unmanaged",
      "type": "Flow"
    },
    {
      "createdById": "0055h000009l1YNAAY",
      "createdByName": "Manoj",
      "createdDate": "2023-09-18T09:12:45.000Z",
      "fileName": "flows/Auto_Create_Contract_on_Account.flow",
      "fullName": "Auto_Create_Contract_on_Account",
      "id": "3015h000000OZeEAAW",
      "lastModifiedById": "0055h000009l1YNAAY",
      "lastModifiedByName": "Manoj",
      "lastModifiedDate": "2023-09-18T09:13:18.000Z",
      "manageableState": "unmanaged",
      "type": "Flow"
    }
  ]
}