{
  "status": 0,
  "result": [
    {
      "createdById": "0055h000009l1YNAAY",
      "createdByName": "Manoj",
      "createdDate": "2023-11-01T10:19:58.000Z",
      "fileName": "lwc/activityTimeline",
      "fullName": "activityTimeline",
      "id": "0Rb5h0000016ByUCAU",
      "lastModifiedById": "0055h000009l1YNAAY",
      "lastModifiedByName": "Manoj",
      "lastModifiedDate": "2023-11-01T10:19:58.000Z",
      "manageableState": "unmanaged",
      "type": "LightningComponentBundle"
    },
    {
      "createdById": "0055h000009l1YNAAY",
      "createdByName": "Manoj",
      "createdDate": "2023-11-09T04:33:50.000Z",
      "fileName": "lwc/myDataLoader",
      "fullName": "myDataLoader",
      "id": "0Rb5h0000016LhdCAE",
      "lastModifiedById": "0055h000009l1YNAAY",
      "lastModifiedByName": "Manoj",
      "lastModifiedDate": "2023-11-09T10:07:48.000Z",
      "manageableState": "unmanaged",
      "type": "LightningComponentBundle"
    },
    {
      "createdById": "0055h000009l1YNAAY",
      "createdByName": "Manoj",
      "createdDate": "2023-11-07T05:01:48.000Z",
      "fileName": "lwc/relatedRecordDetail",
      "fullName": "relatedRecordDetail",
      "id": "0Rb5h0000016J00CAE",
      "lastModifiedById": "0055h000009l1YNAAY",
      "lastModifiedByName": "Manoj",
      "lastModifiedDate": "2023-11-07T07:10:13.000Z",
      "manageableState": "unmanaged",
      "type": "LightningComponentBundle"
    },
    {
      "createdById": "0055h000009l1YNAAY",
      "createdByName": "Manoj",
      "createdDate": "2023-11-15T12:40:37.000Z",
      "fileName": "lwc/targetedLoanSearch",
      "fullName": "targetedLoanSearch",
      "id": "0Rb5h000000ZegwCAC",
      "lastModifiedById": "0055h000009l1YNAAY",
      "lastModifiedByName": "Manoj",
      "lastModifiedDate": "2023-11-20T10:23:51.000Z",
      "manageableState": "unmanaged",
      "type": "LightningComponentBundle"
    },
    {
      "createdById": "0055h000009l1YNAAY",
      "createdByName": "Manoj",
      "createdDate": "2023-11-01T10:20:54.000Z",
      "fileName": "lwc/externalDataFetch",
      "fullName": "externalDataFetch",
      "id": "0Rb5h0000016ByjCAE",
      "lastModifiedById": "0055h000009l1YNAAY",
      "lastModifiedByName": "Manoj",
      "lastModifiedDate": "2023-12-21T07:24:56.000Z",
      "manageableState": "unmanaged",
      "type": "LightningComponentBundle"
    },
    {
      "createdById": "0055h000009l1YNAAY",
      "createdByName": "Manoj",
      "createdDate": "2023-11-08T10:26:58.000Z",
      "fileName": "lwc/dataLoader",
      "fullName": "dataLoader",
      "id": "0Rb5h0000016LD9CAM",
      "lastModifiedById": "0055h000009l1YNAAY",
      "lastModifiedByName": "Manoj",
      "lastModifiedDate": "2023-11-08T13:48:56.000Z",
      "manageableState": "unmanaged",
      "type": "LightningComponentBundle"
    },
    {
      "createdById": "0055h000009l1YNAAY",
      "createdByName": "Manoj",
      "createdDate": "2024-01-05T12:33:27.000Z",
      "fileName": "lwc/redirectLWC",
      "fullName": "redirectLWC",
      "id": "0Rb5h000000avRPCAY",
      "lastModifiedById": "0055h000009l1YNAAY",
      "lastModifiedByName": "Manoj",
      "lastModifiedDate": "2024-01-08T08:12:28.000Z",
      "manageableState": "unmanaged",
      "type": "LightningComponentBundle"
    },
    {
      "createdById": "0055h000009l1YNAAY",
      "createdByName": "Manoj",
      "createdDate": "2024-01-01T09:17:41.000Z",
      "fileName": "lwc/empApiLWC",
      "fullName": "empApiLWC",
      "id": "0Rb5h000000aoicCAA",
      "lastModifiedById": "0055h000009l1YNAAY",
      "lastModifiedByName": "Manoj",
      "lastModifiedDate": "2024-01-02T12:18:41.000Z",
      "manageableState": "unmanaged",
      "type": "LightningComponentBundle"
    },
    {
      "createdById": "0055h000009l1YNAAY",
      "createdByName": "Manoj",
      "createdDate": "2023-11-04T12:28:48.000Z",
      "fileName": "lwc/finding",
      "fullName": "finding",
      "id": "0Rb5h0000016GC9CAM",
      "lastModifiedById": "0055h000009l1YNAAY",
      "lastModifiedByName": "Manoj",
      "lastModifiedDate": "2023-11-07T11:12:28.000Z",
      "manageableState": "unmanaged",
      "type": "LightningComponentBundle"
    },
    {
      "createdById": "0055h000009l1YNAAY",
      "createdByName": "Manoj",
      "createdDate": "2024-01-04T09:49:07.000Z",
      "fileName": "lwc/caseRedirectLWC",
      "fullName": "caseRedirectLWC",
      "id": "0Rb5h000000atjdCAA",
      "lastModifiedById": "0055h000009l1YNAAY",
      "lastModifiedByName": "Manoj",
      "lastModifiedDate": "2024-01-08T10:59:36.000Z",
      "manageableState": "unmanaged",
      "type": "LightningComponentBundle"
    },
    {
      "createdById": "0055h000009l1YNAAY",
      "createdByName": "Manoj",
      "createdDate": "2023-10-12T08:47:48.000Z",
      "fileName": "lwc/helloworld",
      "fullName": "helloworld",
      "id": "0Rb5h000000FN0LCAW",
      "lastModifiedById": "0055h000009l1YNAAY",
      "lastModifiedByName": "Manoj",
      "lastModifiedDate": "2023-10-12T09:17:21.000Z",
      "manageableState": "unmanaged",
      "type": "LightningComponentBundle"
    },
    {
      "createdById": "0055h000009l1YNAAY",
      "createdByName": "Manoj",
      "createdDate": "2023-11-01T10:20:44.000Z",
      "fileName": "lwc/displayExternalDataComponent",
      "fullName": "displayExternalDataComponent",
      "id": "0Rb5h0000016ByeCAE",
      "lastModifiedById": "0055h000009l1YNAAY",
      "lastModifiedByName": "Manoj",
      "lastModifiedDate": "2023-11-01T10:20:44.000Z",
      "manageableState": "unmanaged",
      "type": "LightningComponentBundle"
    },
    {
      "createdById": "0055h000009l1YNAAY",
      "createdByName": "Manoj",
      "createdDate": "2023-11-01T10:20:19.000Z",
      "fileName": "lwc/customActivityTimeline",
      "fullName": "customActivityTimeline",
      "id": "0Rb5h0000016ByZCAU",
      "lastModifiedById": "0055h000009l1YNAAY",
      "lastModifiedByName": "Manoj",
      "lastModifiedDate": "2023-11-01T10:20:19.000Z",
      "manageableState": "unmanaged",
      "type": "LightningComponentBundle"
    },
    {
      "createdById": "0055h000009l1YNAAY",
      "createdByName": "Manoj",
      "createdDate": "2024-02-08T10:51:06.000Z",
      "fileName": "lwc/serviceNowIntegration",
      "fullName": "serviceNowIntegration",
      "id": "0Rb5h000000bl34CAA",
      "lastModifiedById": "0055h000009l1YNAAY",
      "lastModifiedByName": "Manoj",
      "lastModifiedDate": "2024-02-13T10:02:18.000Z",
      "manageableState": "unmanaged",
      "type": "LightningComponentBundle"
    },
    {
      "createdById": "0055h000009l1YNAAY",
      "createdByName": "Manoj",
      "createdDate": "2023-11-07T07:39:16.000Z",
      "fileName": "lwc/relatedCasesLWC",
      "fullName": "relatedCasesLWC",
      "id": "0Rb5h0000016JIeCAM",
      "lastModifiedById": "0055h000009l1YNAAY",
      "lastModifiedByName": "Manoj",
      "lastModifiedDate": "2023-11-10T06:42:26.000Z",
      "manageableState": "unmanaged",
      "type": "LightningComponentBundle"
    },
    {
      "createdById": "0055h000009l1YNAAY",
      "createdByName": "Manoj",
      "createdDate": "2023-11-01T07:17:01.000Z",
      "fileName": "lwc/newFindingLWC",
      "fullName": "newFindingLWC",
      "id": "0Rb5h0000016BmzCAE",
      "lastModifiedById": "0055h000009l1YNAAY",
      "lastModifiedByName": "Manoj",
      "lastModifiedDate": "2023-11-05T13:19:16.000Z",
      "manageableState": "unmanaged",
      "type": "LightningComponentBundle"
    }
  ]
}