[{"_allAttributes":null,"_properties":null,"_methods":null,"file":"d:/CFCU_Travel_Notification/CFCU_Travel_Notification/force-app/main/default/lwc/finding/finding.js","metadata":{"decorators":[{"type":"api","targets":[{"name":"selectedTypeValue","type":"property","value":{"type":"unresolved"}},{"name":"selectedCategoryValue","type":"property","value":{"type":"unresolved"}},{"name":"selectedSubCategoryValue","type":"property","value":{"type":"unresolved"}},{"name":"recordId","type":"property","value":{"type":"unresolved"}}]},{"type":"wire","targets":[{"type":"method","name":"wiredFindingTypesAlter","static":{},"params":{},"adapter":{"name":"getFindingTypesAlter","reference":"@salesforce/apex/Finding.getFindingTypesAlter"}},{"type":"method","name":"wiredFindingCategories","static":{},"params":{},"adapter":{"name":"getFindingCategories","reference":"@salesforce/apex/Finding.getFindingCategories"}},{"type":"method","name":"wiredRelatedFindingCategories","static":{},"params":{"selectedFindingType":"selectedTypeValue"},"adapter":{"name":"getRelatedFindingCategories","reference":"@salesforce/apex/Finding.getRelatedFindingCategories"}},{"type":"method","name":"wiredRecord","static":{"fields":{"type":"array","value":["Case.Id"]}},"params":{"recordId":"recordId"},"adapter":{"name":"getRecord","reference":"lightning/uiRecordApi"}},{"type":"method","name":"wiredUsers","static":{},"params":{},"adapter":{"name":"getAllUsers","reference":"@salesforce/apex/Finding.getAllUsers"}},{"type":"method","name":"wiredFindingSubCategory","static":{},"params":{"selectedCategory":"selectedCategoryValue"},"adapter":{"name":"getFindingSubCategory","reference":"@salesforce/apex/Finding.getFindingSubCategory"}},{"type":"method","name":"wiredFindingDetails","static":{},"params":{"selectedDetails":"selectedSubCategoryValue"},"adapter":{"name":"getFindingDetails","reference":"@salesforce/apex/Finding.getFindingDetails"}}]},{"type":"track","targets":[{"name":"button","type":"property"},{"name":"showDetailsDropdown","type":"property"},{"name":"modalOpen","type":"property"}]}],"classMembers":[{"name":"button","type":"property","value":{"type":"boolean","value":false},"decorator":"track","loc":{"start":{"line":17,"column":4},"end":{"line":17,"column":26}}},{"name":"showDetailsDropdown","type":"property","value":{"type":"boolean","value":false},"decorator":"track","loc":{"start":{"line":18,"column":4},"end":{"line":18,"column":39}}},{"name":"selectedTypeValue","type":"property","value":{"type":"unresolved"},"decorator":"api","loc":{"start":{"line":19,"column":4},"end":{"line":19,"column":27}}},{"name":"selectedCategoryValue","type":"property","value":{"type":"unresolved"},"decorator":"api","loc":{"start":{"line":20,"column":4},"end":{"line":20,"column":31}}},{"name":"selectedSubCategoryValue","type":"property","value":{"type":"unresolved"},"decorator":"api","loc":{"start":{"line":21,"column":4},"end":{"line":21,"column":34}}},{"name":"selectedDetailsValue","type":"property","value":{"type":"string","value":""},"loc":{"start":{"line":22,"column":4},"end":{"line":22,"column":30}}},{"name":"selectedAssigneeValue","type":"property","value":{"type":"string","value":""},"loc":{"start":{"line":23,"column":4},"end":{"line":23,"column":31}}},{"name":"dropdownOptionsType","type":"property","loc":{"start":{"line":24,"column":4},"end":{"line":24,"column":29}}},{"name":"dropdownOptions","type":"property","loc":{"start":{"line":25,"column":4},"end":{"line":25,"column":25}}},{"name":"dropdownOptionsSubCategory","type":"property","loc":{"start":{"line":26,"column":4},"end":{"line":26,"column":36}}},{"name":"dropdownOptionsDetails","type":"property","loc":{"start":{"line":27,"column":4},"end":{"line":27,"column":32}}},{"name":"modalOpen","type":"property","value":{"type":"boolean","value":false},"decorator":"track","loc":{"start":{"line":29,"column":4},"end":{"line":29,"column":29}}},{"name":"handle","type":"method","loc":{"start":{"line":30,"column":4},"end":{"line":32,"column":5}}},{"name":"wiredFindingTypesAlter","type":"method","decorator":"wire","loc":{"start":{"line":34,"column":4},"end":{"line":44,"column":1}}},{"name":"wiredFindingCategories","type":"method","decorator":"wire","loc":{"start":{"line":48,"column":0},"end":{"line":58,"column":1}}},{"name":"wiredRelatedFindingCategories","type":"method","decorator":"wire","loc":{"start":{"line":60,"column":0},"end":{"line":72,"column":1}}},{"name":"openModal","type":"method","loc":{"start":{"line":74,"column":4},"end":{"line":76,"column":5}}},{"name":"closeModal","type":"method","loc":{"start":{"line":80,"column":4},"end":{"line":82,"column":5}}},{"name":"recordId","type":"property","value":{"type":"unresolved"},"decorator":"api","loc":{"start":{"line":85,"column":4},"end":{"line":85,"column":18}}},{"name":"caseId","type":"property","loc":{"start":{"line":87,"column":4},"end":{"line":87,"column":11}}},{"name":"wiredRecord","type":"method","decorator":"wire","loc":{"start":{"line":89,"column":4},"end":{"line":98,"column":5}}},{"name":"wiredUsers","type":"method","decorator":"wire","loc":{"start":{"line":103,"column":4},"end":{"line":116,"column":5}}},{"name":"handleCategoryChange","type":"method","loc":{"start":{"line":118,"column":4},"end":{"line":125,"column":5}}},{"name":"wiredFindingSubCategory","type":"method","decorator":"wire","loc":{"start":{"line":127,"column":4},"end":{"line":140,"column":5}}},{"name":"handleSubCategoryChange","type":"method","loc":{"start":{"line":142,"column":4},"end":{"line":171,"column":5}}},{"name":"wiredFindingDetails","type":"method","decorator":"wire","loc":{"start":{"line":173,"column":4},"end":{"line":185,"column":5}}},{"name":"handleTypeChange","type":"method","loc":{"start":{"line":188,"column":4},"end":{"line":195,"column":5}}},{"name":"handleDetailsChange","type":"method","loc":{"start":{"line":197,"column":4},"end":{"line":200,"column":5}}},{"name":"handleAssignee","type":"method","loc":{"start":{"line":202,"column":4},"end":{"line":206,"column":5}}},{"name":"handleSave","type":"method","loc":{"start":{"line":209,"column":4},"end":{"line":239,"column":5}}}],"declarationLoc":{"start":{"line":16,"column":0},"end":{"line":243,"column":1}},"doc":"","exports":[{"type":"ExportDefaultDeclaration"}]},"updatedAt":"2024-05-22T14:31:18.466Z"},{"_allAttributes":null,"_properties":null,"_methods":null,"file":"d:/CFCU_Travel_Notification/CFCU_Travel_Notification/force-app/main/default/lwc/travelNotice/travelNotice.js","metadata":{"decorators":[{"type":"wire","targets":[{"name":"currentPageReference","type":"property","static":{},"params":{},"adapter":{"name":"CurrentPageReference","reference":"lightning/navigation"}}]},{"type":"track","targets":[{"name":"startDate","type":"property"},{"name":"endDate","type":"property"},{"name":"travelNotes","type":"property"},{"name":"isNotesDisabled","type":"property"},{"name":"isNotesRequired","type":"property"},{"name":"selectAllClicked","type":"property"},{"name":"debitapiResponse","type":"property"},{"name":"creditapiResponse","type":"property"},{"name":"travelDestination","type":"property"},{"name":"isRemoveConfirmationOpen","type":"property"},{"name":"travelType","type":"property"},{"name":"selectedCards","type":"property"},{"name":"debitCards","type":"property"},{"name":"creditCards","type":"property"},{"name":"currentlyScheduledTravel","type":"property"},{"name":"reportLostStolenData","type":"property"},{"name":"selectedAction","type":"property"},{"name":"selectedCardAction","type":"property"},{"name":"isTravelNotice","type":"property"},{"name":"isPayCreditCard","type":"property"},{"name":"isCardActions","type":"property"},{"name":"isReportLostOrStolen","type":"property"},{"name":"showActionSelection","type":"property"},{"name":"showSelectedRowDetails","type":"property"},{"name":"selectedRowDetails","type":"property"},{"name":"showReportFormReportOrLoss","type":"property"},{"name":"showReportFormFreezeOrUnfreeze","type":"property"},{"name":"showReportFormPinChange","type":"property"},{"name":"selectedCardDetails","type":"property"},{"name":"debitCardslostorstolen","type":"property"},{"name":"creditCardslostorstolen","type":"property"},{"name":"isSubmitDisabled","type":"property"}]}],"classMembers":[{"name":"startDate","type":"property","value":{"type":"null","value":null},"decorator":"track","loc":{"start":{"line":16,"column":4},"end":{"line":16,"column":28}}},{"name":"endDate","type":"property","decorator":"track","loc":{"start":{"line":17,"column":4},"end":{"line":17,"column":19}}},{"name":"travelNotes","type":"property","decorator":"track","loc":{"start":{"line":18,"column":4},"end":{"line":18,"column":28}}},{"name":"isNotesDisabled","type":"property","value":{"type":"boolean","value":true},"decorator":"track","loc":{"start":{"line":19,"column":4},"end":{"line":19,"column":34}}},{"name":"isNotesRequired","type":"property","value":{"type":"boolean","value":false},"decorator":"track","loc":{"start":{"line":20,"column":4},"end":{"line":20,"column":35}}},{"name":"selectAllClicked","type":"property","value":{"type":"boolean","value":false},"decorator":"track","loc":{"start":{"line":21,"column":4},"end":{"line":21,"column":36}}},{"name":"debitapiResponse","type":"property","decorator":"track","loc":{"start":{"line":22,"column":4},"end":{"line":22,"column":28}}},{"name":"creditapiResponse","type":"property","decorator":"track","loc":{"start":{"line":23,"column":4},"end":{"line":23,"column":29}}},{"name":"travelDestination","type":"property","decorator":"track","loc":{"start":{"line":24,"column":4},"end":{"line":24,"column":29}}},{"name":"isRemoveConfirmationOpen","type":"property","value":{"type":"boolean","value":false},"decorator":"track","loc":{"start":{"line":25,"column":4},"end":{"line":25,"column":44}}},{"name":"travelType","type":"property","decorator":"track","loc":{"start":{"line":26,"column":4},"end":{"line":26,"column":47}}},{"name":"selectedCards","type":"property","decorator":"track","loc":{"start":{"line":27,"column":4},"end":{"line":27,"column":30}}},{"name":"debitCards","type":"property","decorator":"track","loc":{"start":{"line":28,"column":4},"end":{"line":28,"column":27}}},{"name":"creditCards","type":"property","decorator":"track","loc":{"start":{"line":29,"column":4},"end":{"line":29,"column":28}}},{"name":"currentlyScheduledTravel","type":"property","decorator":"track","loc":{"start":{"line":30,"column":4},"end":{"line":30,"column":41}}},{"name":"reportLostStolenData","type":"property","decorator":"track","loc":{"start":{"line":31,"column":4},"end":{"line":31,"column":37}}},{"name":"idCounter","type":"property","loc":{"start":{"line":32,"column":4},"end":{"line":32,"column":19}}},{"name":"selectedAction","type":"property","decorator":"track","loc":{"start":{"line":33,"column":4},"end":{"line":33,"column":31}}},{"name":"selectedCardAction","type":"property","decorator":"track","loc":{"start":{"line":34,"column":4},"end":{"line":34,"column":35}}},{"name":"isTravelNotice","type":"property","value":{"type":"boolean","value":false},"decorator":"track","loc":{"start":{"line":35,"column":4},"end":{"line":35,"column":34}}},{"name":"isPayCreditCard","type":"property","value":{"type":"boolean","value":false},"decorator":"track","loc":{"start":{"line":36,"column":4},"end":{"line":36,"column":35}}},{"name":"isCardActions","type":"property","value":{"type":"boolean","value":false},"decorator":"track","loc":{"start":{"line":37,"column":4},"end":{"line":37,"column":33}}},{"name":"isReportLostOrStolen","type":"property","value":{"type":"boolean","value":false},"decorator":"track","loc":{"start":{"line":38,"column":4},"end":{"line":38,"column":40}}},{"name":"showActionSelection","type":"property","value":{"type":"boolean","value":true},"decorator":"track","loc":{"start":{"line":39,"column":4},"end":{"line":39,"column":38}}},{"name":"showSelectedRowDetails","type":"property","value":{"type":"boolean","value":false},"decorator":"track","loc":{"start":{"line":40,"column":4},"end":{"line":40,"column":42}}},{"name":"selectedRowDetails","type":"property","value":{"type":"object","value":{}},"decorator":"track","loc":{"start":{"line":41,"column":4},"end":{"line":41,"column":35}}},{"name":"showReportFormReportOrLoss","type":"property","value":{"type":"boolean","value":false},"decorator":"track","loc":{"start":{"line":42,"column":4},"end":{"line":42,"column":46}}},{"name":"showReportFormFreezeOrUnfreeze","type":"property","value":{"type":"boolean","value":false},"decorator":"track","loc":{"start":{"line":43,"column":4},"end":{"line":43,"column":50}}},{"name":"showReportFormPinChange","type":"property","value":{"type":"boolean","value":false},"decorator":"track","loc":{"start":{"line":44,"column":4},"end":{"line":44,"column":43}}},{"name":"selectedCardDetails","type":"property","value":{"type":"object","value":{}},"decorator":"track","loc":{"start":{"line":45,"column":4},"end":{"line":45,"column":36}}},{"name":"debitCardslostorstolen","type":"property","decorator":"track","loc":{"start":{"line":46,"column":4},"end":{"line":46,"column":39}}},{"name":"creditCardslostorstolen","type":"property","decorator":"track","loc":{"start":{"line":47,"column":4},"end":{"line":47,"column":40}}},{"name":"isSubmitDisabled","type":"property","value":{"type":"boolean","value":true},"decorator":"track","loc":{"start":{"line":48,"column":4},"end":{"line":48,"column":35}}},{"name":"cardTitle","type":"property","loc":{"start":{"line":50,"column":4},"end":{"line":67,"column":5}}},{"name":"actionOptions","type":"property","loc":{"start":{"line":69,"column":4},"end":{"line":86,"column":6}}},{"name":"cardActionOptions","type":"property","loc":{"start":{"line":88,"column":4},"end":{"line":96,"column":6}}},{"name":"ReportorStolenOptions","type":"property","loc":{"start":{"line":98,"column":4},"end":{"line":117,"column":5}}},{"name":"isFreezeDisabled","type":"property","loc":{"start":{"line":119,"column":4},"end":{"line":121,"column":5}}},{"name":"isUnfreezeDisabled","type":"property","loc":{"start":{"line":123,"column":4},"end":{"line":125,"column":5}}},{"name":"reportColumns","type":"property","loc":{"start":{"line":127,"column":4},"end":{"line":148,"column":6}}},{"name":"handleRowSelection","type":"method","loc":{"start":{"line":150,"column":4},"end":{"line":153,"column":5}}},{"name":"handleRowSelectioncardActions","type":"method","loc":{"start":{"line":155,"column":4},"end":{"line":164,"column":5}}},{"name":"travelTypeOptions","type":"property","loc":{"start":{"line":166,"column":4},"end":{"line":174,"column":6}}},{"name":"columns","type":"property","loc":{"start":{"line":176,"column":4},"end":{"line":192,"column":6}}},{"name":"currentPageReference","type":"property","decorator":"wire","loc":{"start":{"line":194,"column":4},"end":{"line":194,"column":53}}},{"name":"recordId","type":"property","loc":{"start":{"line":196,"column":4},"end":{"line":198,"column":5}}},{"name":"connectedCallback","type":"method","loc":{"start":{"line":200,"column":4},"end":{"line":203,"column":5}}},{"name":"handleDateChange","type":"method","loc":{"start":{"line":205,"column":4},"end":{"line":214,"column":5}}},{"name":"handleActionChange","type":"method","loc":{"start":{"line":216,"column":4},"end":{"line":226,"column":5}}},{"name":"handleCardActionChange","type":"method","loc":{"start":{"line":228,"column":4},"end":{"line":230,"column":5}}},{"name":"handleCardActionChangeCardActions","type":"method","loc":{"start":{"line":232,"column":4},"end":{"line":271,"column":5}}},{"name":"loadReportLostStolenData","type":"method","loc":{"start":{"line":273,"column":4},"end":{"line":304,"column":5}}},{"name":"generateUniqueId","type":"method","loc":{"start":{"line":306,"column":4},"end":{"line":308,"column":5}}},{"name":"reportLostStolenData","type":"property","loc":{"start":{"line":310,"column":4},"end":{"line":319,"column":5}}},{"name":"handleSubmitReportorStolen","type":"method","loc":{"start":{"line":321,"column":4},"end":{"line":359,"column":5}}},{"name":"handleSubmitFreezeorUnfreeze","type":"method","loc":{"start":{"line":361,"column":4},"end":{"line":400,"column":5}}},{"name":"loadDebitCards","type":"method","loc":{"start":{"line":402,"column":4},"end":{"line":453,"column":5}}},{"name":"handleSelectAll","type":"method","loc":{"start":{"line":455,"column":4},"end":{"line":463,"column":5}}},{"name":"loadCreditCards","type":"method","loc":{"start":{"line":465,"column":4},"end":{"line":515,"column":5}}},{"name":"handleCreateCase","type":"method","loc":{"start":{"line":517,"column":4},"end":{"line":544,"column":5}}},{"name":"formatDate","type":"method","loc":{"start":{"line":546,"column":4},"end":{"line":551,"column":5}}},{"name":"handleStartDateChange","type":"method","loc":{"start":{"line":553,"column":4},"end":{"line":564,"column":5}}},{"name":"handleEndDateChange","type":"method","loc":{"start":{"line":566,"column":4},"end":{"line":595,"column":5}}},{"name":"handleTravelNotes","type":"method","loc":{"start":{"line":597,"column":4},"end":{"line":599,"column":5}}},{"name":"handleTravelDestinationChange","type":"method","loc":{"start":{"line":601,"column":4},"end":{"line":603,"column":5}}},{"name":"handleTravelTypeChange","type":"method","loc":{"start":{"line":605,"column":4},"end":{"line":607,"column":5}}},{"name":"handleCardSelection","type":"method","loc":{"start":{"line":609,"column":4},"end":{"line":616,"column":5}}},{"name":"handleSubmit","type":"method","loc":{"start":{"line":618,"column":4},"end":{"line":748,"column":5}}},{"name":"handleCancel","type":"method","loc":{"start":{"line":750,"column":4},"end":{"line":769,"column":5}}},{"name":"handleFormCancel","type":"method","loc":{"start":{"line":771,"column":4},"end":{"line":779,"column":5}}},{"name":"handleFormSubmit","type":"method","loc":{"start":{"line":781,"column":4},"end":{"line":794,"column":5}}},{"name":"handleBack","type":"method","loc":{"start":{"line":796,"column":4},"end":{"line":807,"column":5}}},{"name":"handleRowAction","type":"method","loc":{"start":{"line":809,"column":4},"end":{"line":819,"column":5}}},{"name":"showNotification","type":"method","loc":{"start":{"line":821,"column":4},"end":{"line":828,"column":5}}}],"declarationLoc":{"start":{"line":15,"column":0},"end":{"line":829,"column":1}},"doc":"","exports":[{"type":"ExportDefaultDeclaration"}]},"updatedAt":"2024-09-10T13:48:46.450Z"},{"_allAttributes":null,"_properties":null,"_methods":null,"file":"d:/CFCU_Travel_Notification/CFCU_Travel_Notification/force-app/main/default/lwc/helloworld/helloworld.js","metadata":{"decorators":[],"classMembers":[{"name":"greeting","type":"property","value":{"type":"string","value":"Manoj"},"loc":{"start":{"line":3,"column":2},"end":{"line":3,"column":21}}},{"name":"changeHandler","type":"method","loc":{"start":{"line":4,"column":2},"end":{"line":6,"column":3}}}],"declarationLoc":{"start":{"line":2,"column":0},"end":{"line":7,"column":1}},"doc":"","exports":[{"type":"ExportDefaultDeclaration"}]},"updatedAt":"2024-06-11T11:42:08.017Z"},{"_allAttributes":null,"_properties":null,"_methods":null,"file":"d:/CFCU_Travel_Notification/CFCU_Travel_Notification/force-app/main/default/lwc/payCreditCard/payCreditCard.js","metadata":{"decorators":[{"type":"wire","targets":[{"name":"currentPageReference","type":"property","static":{},"params":{},"adapter":{"name":"CurrentPageReference","reference":"lightning/navigation"}},{"type":"method","name":"wiredCreditCards","static":{},"params":{"MemberAccountId":"recordId"},"adapter":{"name":"getCreditCardsCardSummary","reference":"@salesforce/apex/PayCreditCardHandler.getCreditCardsCardSummary"}}]}],"classMembers":[{"name":"creditCards","type":"property","loc":{"start":{"line":9,"column":4},"end":{"line":9,"column":21}}},{"name":"selectedCard","type":"property","value":{"type":"string","value":""},"loc":{"start":{"line":10,"column":4},"end":{"line":10,"column":22}}},{"name":"dueDate","type":"property","value":{"type":"string","value":""},"loc":{"start":{"line":11,"column":4},"end":{"line":11,"column":17}}},{"name":"cardNumber","type":"property","value":{"type":"string","value":""},"loc":{"start":{"line":12,"column":4},"end":{"line":12,"column":20}}},{"name":"lastPaymentDate","type":"property","value":{"type":"string","value":""},"loc":{"start":{"line":13,"column":4},"end":{"line":13,"column":25}}},{"name":"lastPaymentAmount","type":"property","value":{"type":"string","value":""},"loc":{"start":{"line":14,"column":4},"end":{"line":14,"column":27}}},{"name":"scheduledAutoPayAmount","type":"property","value":{"type":"string","value":""},"loc":{"start":{"line":15,"column":4},"end":{"line":15,"column":32}}},{"name":"scheduledOneTimeAmount","type":"property","value":{"type":"string","value":""},"loc":{"start":{"line":16,"column":4},"end":{"line":16,"column":32}}},{"name":"currentBalance","type":"property","value":{"type":"string","value":""},"loc":{"start":{"line":17,"column":4},"end":{"line":17,"column":24}}},{"name":"statementBalance","type":"property","value":{"type":"string","value":""},"loc":{"start":{"line":18,"column":4},"end":{"line":18,"column":26}}},{"name":"minimumPayment","type":"property","value":{"type":"string","value":""},"loc":{"start":{"line":19,"column":4},"end":{"line":19,"column":24}}},{"name":"routingNumber","type":"property","value":{"type":"string","value":""},"loc":{"start":{"line":20,"column":4},"end":{"line":20,"column":23}}},{"name":"checkingAccountNumber","type":"property","value":{"type":"string","value":""},"loc":{"start":{"line":21,"column":4},"end":{"line":21,"column":31}}},{"name":"autoPayEnabled","type":"property","value":{"type":"string","value":""},"loc":{"start":{"line":22,"column":4},"end":{"line":22,"column":24}}},{"name":"isOtherAmountSelected","type":"property","value":{"type":"boolean","value":false},"loc":{"start":{"line":23,"column":4},"end":{"line":23,"column":34}}},{"name":"isHome","type":"property","value":{"type":"boolean","value":true},"loc":{"start":{"line":24,"column":4},"end":{"line":24,"column":18}}},{"name":"isEditPaymentSource","type":"property","value":{"type":"boolean","value":false},"loc":{"start":{"line":25,"column":4},"end":{"line":25,"column":32}}},{"name":"isSchedulePayment","type":"property","value":{"type":"boolean","value":false},"loc":{"start":{"line":26,"column":4},"end":{"line":26,"column":30}}},{"name":"isCancelOutstandingPayment","type":"property","value":{"type":"boolean","value":false},"loc":{"start":{"line":27,"column":4},"end":{"line":27,"column":39}}},{"name":"paymentAmount","type":"property","value":{"type":"string","value":""},"loc":{"start":{"line":28,"column":4},"end":{"line":28,"column":23}}},{"name":"paymentDate","type":"property","value":{"type":"string","value":""},"loc":{"start":{"line":29,"column":4},"end":{"line":29,"column":21}}},{"name":"otherAmount","type":"property","value":{"type":"string","value":""},"loc":{"start":{"line":30,"column":4},"end":{"line":30,"column":21}}},{"name":"newRoutingNumber","type":"property","value":{"type":"string","value":""},"loc":{"start":{"line":31,"column":4},"end":{"line":31,"column":26}}},{"name":"newCheckingAccountNumber","type":"property","value":{"type":"string","value":""},"loc":{"start":{"line":32,"column":4},"end":{"line":32,"column":34}}},{"name":"isCardSelected","type":"property","loc":{"start":{"line":34,"column":4},"end":{"line":36,"column":5}}},{"name":"currentPageReference","type":"property","decorator":"wire","loc":{"start":{"line":38,"column":4},"end":{"line":38,"column":53}}},{"name":"recordId","type":"property","loc":{"start":{"line":40,"column":4},"end":{"line":42,"column":5}}},{"name":"isEnterAmountDisabled","type":"property","loc":{"start":{"line":43,"column":4},"end":{"line":45,"column":5}}},{"name":"wiredCreditCards","type":"method","decorator":"wire","loc":{"start":{"line":47,"column":4},"end":{"line":72,"column":5}}},{"name":"parseCardDetails","type":"method","loc":{"start":{"line":74,"column":4},"end":{"line":90,"column":5}}},{"name":"formatAmount","type":"method","loc":{"start":{"line":92,"column":4},"end":{"line":98,"column":5}}},{"name":"formatDate","type":"method","loc":{"start":{"line":100,"column":4},"end":{"line":107,"column":5}}},{"name":"formatLastPaymentDate","type":"method","loc":{"start":{"line":109,"column":4},"end":{"line":112,"column":5}}},{"name":"handleRadioChange","type":"method","loc":{"start":{"line":114,"column":4},"end":{"line":121,"column":5}}},{"name":"handleEditPaymentSource","type":"method","loc":{"start":{"line":123,"column":4},"end":{"line":130,"column":5}}},{"name":"handleAmountChange","type":"method","loc":{"start":{"line":132,"column":4},"end":{"line":147,"column":5}}},{"name":"cancel","type":"method","loc":{"start":{"line":149,"column":4},"end":{"line":152,"column":5}}},{"name":"handleRoutingNumberChange","type":"method","loc":{"start":{"line":154,"column":4},"end":{"line":165,"column":5}}},{"name":"handleConfirmRoutingNumberChange","type":"method","loc":{"start":{"line":167,"column":4},"end":{"line":174,"column":5}}},{"name":"handleAccountNumberChange","type":"method","loc":{"start":{"line":176,"column":4},"end":{"line":187,"column":5}}},{"name":"handleConfirmAccountNumberChange","type":"method","loc":{"start":{"line":189,"column":4},"end":{"line":196,"column":5}}},{"name":"handleCardChange","type":"method","loc":{"start":{"line":198,"column":4},"end":{"line":217,"column":5}}},{"name":"savePaymentSource","type":"method","loc":{"start":{"line":219,"column":4},"end":{"line":254,"column":5}}},{"name":"showErrorMessage","type":"method","loc":{"start":{"line":256,"column":4},"end":{"line":264,"column":5}}},{"name":"showWarningMessage","type":"method","loc":{"start":{"line":266,"column":4},"end":{"line":274,"column":5}}},{"name":"cancel","type":"method","loc":{"start":{"line":276,"column":4},"end":{"line":281,"column":5}}},{"name":"handlePaymentSchedule","type":"method","loc":{"start":{"line":283,"column":4},"end":{"line":342,"column":5}}},{"name":"handledone","type":"method","loc":{"start":{"line":344,"column":4},"end":{"line":351,"column":5}}},{"name":"handleCancelAnyExternalFIPayment","type":"method","loc":{"start":{"line":353,"column":4},"end":{"line":396,"column":5}}},{"name":"handleCancelpayment","type":"method","loc":{"start":{"line":398,"column":4},"end":{"line":405,"column":5}}}],"declarationLoc":{"start":{"line":8,"column":0},"end":{"line":406,"column":1}},"doc":"","exports":[{"type":"ExportDefaultDeclaration"}]},"updatedAt":"2024-10-04T15:16:03.374Z"}]